Breed	Age	Gender	Weight	Label	IsolationForest_Score	IsolationForest_Flag	
Holstein Cross	14	Male	346.6	Normal	0.061	Normal	
Angus	11	Female	328.8	Normal	0.1323	Normal	
Local Zebu	12	Male	158.6	Normal	0.0844	Normal	
Holstein Cross	7	Male	194.1	Normal	0.0494	Normal	
Angus	11	Female	305.7	Normal	0.1127	Normal	
Local Zebu	8	Male	108.7	Normal	0.0742	Normal	
Holstein Cross	6	Female	155.5	Normal	0.067	Normal	
Angus	18	Female	460.7	Normal	0.0596	Normal	
Local Zebu	15	Female	158.8	Normal	0.138	Normal	
Holstein Cross	14	Female	310.9	Normal	0.1147	Normal	
Angus	12	Female	326.5	Normal	0.1211	Normal	
Local Zebu	7	Female	102.2	Normal	0.1075	Normal	
Holstein Cross	11	Male	267.9	Normal	0.0904	Normal	
Angus	16	Male	490.2	Normal	0.0502	Normal	
Local Zebu	16	Female	154.4	Normal	0.1045	Normal	
Holstein Cross	16	Male	353	Normal	0.0624	Normal	
Angus	9	Female	304.9	Normal	0.104	Normal	
Local Zebu	7	Female	99.7	Normal	0.1087	Normal	
Holstein Cross	7	Female	173.8	Normal	0.0961	Normal	
Angus	13	Female	359	Normal	0.1354	Normal	
Local Zebu	6	Male	117.9	Overweight	-0.03	Flagged - Unusual, Needs Review	
Holstein Cross	9	Female	207.2	Normal	0.1352	Normal	
Angus	18	Male	535.4	Normal	0.0126	Normal	
Local Zebu	14	Female	107.5	Underweight	0.0101	Normal	
Holstein Cross	15	Male	347.8	Normal	0.0687	Normal	
Angus	12	Female	359.9	Normal	0.1295	Normal	
Local Zebu	9	Female	102.9	Normal	0.0948	Normal	
Holstein Cross	9	Female	199.3	Normal	0.1302	Normal	
Angus	12	Male	401.2	Normal	0.0668	Normal	
Local Zebu	15	Male	169.1	Normal	0.0795	Normal	
Holstein Cross	7	Female	187.6	Normal	0.0919	Normal	
Angus	7	Female	249.8	Normal	0.1094	Normal	
Local Zebu	12	Female	135.2	Normal	0.1461	Normal	
Holstein Cross	17	Female	385	Normal	0.0575	Normal	
Angus	14	Female	387.1	Normal	0.1363	Normal	
Local Zebu	7	Female	101	Normal	0.1098	Normal	
Holstein Cross	8	Female	183.8	Normal	0.1108	Normal	
Angus	13	Female	378.6	Normal	0.1311	Normal	
Local Zebu	7	Female	100.7	Normal	0.1106	Normal	
Holstein Cross	18	Female	434.1	Normal	-0.0244	Flagged - Possible Pregnancy or Overweight	
Angus	8	Male	277.5	Normal	0.0645	Normal	
Local Zebu	13	Female	142	Normal	0.142	Normal	
Holstein Cross	10	Female	228.2	Normal	0.1438	Normal	
Angus	16	Female	403.5	Normal	0.1141	Normal	
Local Zebu	9	Female	116.6	Normal	0.1454	Normal	
Holstein Cross	14	Female	275.9	Normal	0.1147	Normal	
Angus	7	Female	232.9	Normal	0.0926	Normal	
Local Zebu	13	Male	169.7	Normal	0.081	Normal	
Holstein Cross	14	Female	286.2	Normal	0.1292	Normal	
Angus	12	Female	416.2	Overweight	0.041	Normal	
Local Zebu	7	Male	101	Normal	0.0586	Normal	
Holstein Cross	17	Male	422.2	Normal	0.0196	Normal	
Angus	10	Male	330.1	Normal	0.0846	Normal	
Local Zebu	14	Male	156.5	Normal	0.0785	Normal	
Holstein Cross	6	Female	158.1	Normal	0.0672	Normal	
Angus	7	Female	228.3	Normal	0.0807	Normal	
Local Zebu	18	Female	184.9	Normal	0.0767	Normal	
Holstein Cross	16	Female	259.3	Underweight	0.0405	Normal	
Angus	6	Female	224.3	Normal	0.0823	Normal	
Local Zebu	14	Male	160.3	Normal	0.0878	Normal	
Holstein Cross	6	Male	160.3	Normal	0.038	Normal	
Angus	15	Female	386.8	Normal	0.1257	Normal	
Local Zebu	7	Female	107.3	Normal	0.0905	Normal	
Holstein Cross	12	Female	261.1	Normal	0.1413	Normal	
Angus	7	Female	247.5	Normal	0.1101	Normal	
Local Zebu	14	Female	174.5	Normal	0.0931	Normal	
Holstein Cross	15	Male	334.2	Normal	0.0728	Normal	
Angus	16	Female	396.9	Normal	0.1053	Normal	
Local Zebu	12	Male	139.6	Normal	0.081	Normal	
Holstein Cross	9	Male	214.8	Normal	0.0806	Normal	
Angus	18	Female	398.6	Normal	0.0426	Normal	
Local Zebu	11	Female	121	Normal	0.132	Normal	
Holstein Cross	16	Male	340.3	Normal	0.0533	Normal	
Angus	16	Female	463.5	Normal	0.0579	Normal	
Local Zebu	18	Female	190.2	Normal	0.0712	Normal	
Holstein Cross	7	Female	162	Normal	0.0744	Normal	
Angus	15	Female	385	Normal	0.1223	Normal	
Local Zebu	6	Female	90.9	Normal	0.0866	Normal	
Holstein Cross	18	Female	347.9	Normal	0.074	Normal	
Angus	12	Female	408.1	Normal	0.0499	Normal	
Local Zebu	14	Female	147.8	Normal	0.1409	Normal	
Holstein Cross	13	Female	261.6	Normal	0.1214	Normal	
Angus	7	Male	220.6	Normal	0.0236	Normal	
Local Zebu	6	Male	83.5	Normal	0.0151	Normal	
Holstein Cross	13	Male	300	Normal	0.0836	Normal	
Angus	16	Female	420.8	Normal	0.1169	Normal	
Local Zebu	16	Male	192.2	Normal	0.0632	Normal	
Holstein Cross	12	Female	234.7	Normal	0.1025	Normal	
Angus	13	Female	384	Normal	0.1277	Normal	
Local Zebu	9	Female	107.7	Normal	0.1235	Normal	
Holstein Cross	16	Female	369.6	Normal	0.0641	Normal	
Angus	18	Female	501	Normal	0.0124	Normal	
Local Zebu	8	Female	107.7	Normal	0.1298	Normal	
Holstein Cross	16	Female	306.8	Normal	0.0928	Normal	
Angus	12	Male	398.2	Normal	0.0691	Normal	
Local Zebu	17	Female	186.3	Normal	0.0941	Normal	
Holstein Cross	15	Male	335.8	Normal	0.0712	Normal	
Angus	7	Female	234.9	Normal	0.0988	Normal	
Local Zebu	7	Male	95.6	Normal	0.0525	Normal	
Holstein Cross	9	Female	229.1	Normal	0.1167	Normal	
Angus	12	Female	346.6	Normal	0.1381	Normal	
Local Zebu	12	Male	129.9	Normal	0.0504	Normal	
Holstein Cross	16	Male	403.7	Normal	0.0337	Normal	
Angus	7	Female	236.9	Normal	0.1041	Normal	
Local Zebu	15	Male	182.7	Normal	0.0798	Normal	
Holstein Cross	10	Female	228.3	Normal	0.1438	Normal	
Angus	18	Female	419	Normal	0.0551	Normal	
Local Zebu	7	Female	93.9	Normal	0.1026	Normal	
Holstein Cross	10	Male	243.5	Normal	0.0908	Normal	
Angus	16	Male	495.1	Normal	0.0431	Normal	
Local Zebu	9	Female	100.6	Normal	0.0853	Normal	
Holstein Cross	17	Female	351.1	Normal	0.1007	Normal	
Angus	15	Female	357.8	Normal	0.0879	Normal	
Local Zebu	16	Female	176.4	Normal	0.1114	Normal	
Holstein Cross	13	Male	306.9	Normal	0.0857	Normal	
Angus	7	Female	257.3	Normal	0.1043	Normal	
Local Zebu	6	Male	94.4	Normal	0.0345	Normal	
Holstein Cross	14	Male	220.4	Underweight	-0.0102	Flagged - Potential Sickness	
Angus	17	Female	422.4	Normal	0.1033	Normal	
Local Zebu	16	Female	120.1	Underweight	0.0091	Normal	
Holstein Cross	16	Female	300.2	Normal	0.0846	Normal	
Angus	13	Male	522.9	Overweight	-0.0504	Flagged - Unusual, Needs Review	
Local Zebu	7	Male	108.6	Normal	0.037	Normal	
Holstein Cross	16	Female	361.5	Normal	0.083	Normal	
Angus	7	Female	222.4	Normal	0.0743	Normal	
Local Zebu	17	Female	187.1	Normal	0.0937	Normal	
Holstein Cross	15	Male	423.1	Overweight	-0.0242	Flagged - Unusual, Needs Review	
Angus	13	Female	320.3	Normal	0.0843	Normal	
Local Zebu	10	Female	115.3	Normal	0.1321	Normal	
Holstein Cross	7	Female	175.7	Normal	0.0961	Normal	
Angus	11	Female	318.8	Normal	0.1329	Normal	
Local Zebu	7	Female	96.6	Normal	0.1108	Normal	
Holstein Cross	8	Male	206.2	Normal	0.0737	Normal	
Angus	7	Female	247.2	Normal	0.1099	Normal	
Local Zebu	7	Female	100.8	Normal	0.1106	Normal	
Holstein Cross	9	Female	201.6	Normal	0.1339	Normal	
Angus	18	Female	436.6	Normal	0.0694	Normal	
Local Zebu	13	Female	158.5	Normal	0.1251	Normal	
Holstein Cross	10	Female	226.3	Normal	0.145	Normal	
Angus	13	Female	355.5	Normal	0.1339	Normal	
Local Zebu	8	Female	125.3	Normal	0.07	Normal	
Holstein Cross	11	Female	249.3	Normal	0.1399	Normal	
Angus	17	Male	469.6	Normal	0.0435	Normal	
Local Zebu	12	Female	146.1	Normal	0.1389	Normal	
Holstein Cross	16	Male	379.2	Normal	0.0588	Normal	
Angus	6	Female	198.2	Normal	0.0402	Normal	
Local Zebu	11	Female	143.7	Normal	0.1239	Normal	
Holstein Cross	16	Female	299.8	Normal	0.0838	Normal	
Angus	12	Female	354.8	Normal	0.1353	Normal	
Local Zebu	18	Female	166.2	Normal	0.0617	Normal	
Holstein Cross	18	Female	273.6	Underweight	-0.0012	Flagged - Potential Sickness	
Angus	14	Female	364.6	Normal	0.1232	Normal	
Local Zebu	17	Male	188.5	Normal	0.0429	Normal	
Holstein Cross	18	Male	447.4	Normal	-0.009	Flagged - Unusual, Needs Review	
Angus	10	Female	311.8	Normal	0.1259	Normal	
Local Zebu	7	Female	92.6	Normal	0.0958	Normal	
Holstein Cross	18	Male	427	Normal	0.0071	Normal	
Angus	6	Female	190	Normal	0.0276	Normal	
Local Zebu	9	Female	117.5	Normal	0.1456	Normal	
Holstein Cross	9	Female	210.9	Normal	0.1363	Normal	
Angus	15	Female	416.6	Normal	0.1238	Normal	
Local Zebu	10	Male	132.5	Normal	0.0893	Normal	
Holstein Cross	10	Male	231.4	Normal	0.0865	Normal	
Angus	12	Male	348.6	Normal	0.0761	Normal	
Local Zebu	18	Female	175.8	Normal	0.0793	Normal	
Holstein Cross	17	Female	345.1	Normal	0.1058	Normal	
Angus	14	Male	380	Normal	0.0613	Normal	
Local Zebu	11	Female	124.3	Normal	0.143	Normal	
Holstein Cross	15	Female	341.2	Normal	0.0862	Normal	
Angus	18	Male	438.5	Normal	-0.0085	Flagged - Potential Sickness	
Local Zebu	14	Male	177.9	Normal	0.082	Normal	
Holstein Cross	16	Male	348.3	Normal	0.0589	Normal	
Angus	11	Female	331.3	Normal	0.1323	Normal	
Local Zebu	18	Male	204.2	Normal	0.0199	Normal	
Holstein Cross	9	Female	205.9	Normal	0.1356	Normal	
Angus	6	Male	199	Normal	0.0002	Normal	
Local Zebu	6	Female	111.8	Overweight	0.0259	Normal	
Holstein Cross	16	Male	386.6	Normal	0.0536	Normal	
Angus	6	Female	274	Overweight	0.0201	Normal	
Local Zebu	10	Male	133.8	Normal	0.0872	Normal	
Holstein Cross	15	Male	353	Normal	0.0675	Normal	
Angus	15	Female	387.9	Normal	0.1254	Normal	
Local Zebu	18	Female	190.7	Normal	0.0698	Normal	
Holstein Cross	12	Female	288.5	Normal	0.1007	Normal	
Angus	11	Female	380.1	Normal	0.0586	Normal	
Local Zebu	17	Female	174.3	Normal	0.1159	Normal	
Holstein Cross	13	Female	292.6	Normal	0.1271	Normal	
Angus	17	Female	453.2	Normal	0.0915	Normal	
Local Zebu	14	Male	168.4	Normal	0.0968	Normal	
Holstein Cross	9	Female	195.5	Normal	0.1189	Normal	
Angus	6	Female	252	Normal	0.0542	Normal	
Local Zebu	11	Female	122.5	Normal	0.138	Normal	
Holstein Cross	13	Female	285.3	Normal	0.1369	Normal	
Angus	6	Female	200.3	Normal	0.0439	Normal	
Local Zebu	12	Male	149.2	Normal	0.0935	Normal	
Holstein Cross	13	Female	290.9	Normal	0.1301	Normal	
Angus	18	Female	458	Normal	0.0625	Normal	
Local Zebu	15	Female	172	Normal	0.1238	Normal	
Holstein Cross	10	Female	236.9	Normal	0.1368	Normal	
Angus	17	Male	520.9	Normal	0.0303	Normal	
Local Zebu	18	Female	179.8	Normal	0.079	Normal	
Holstein Cross	18	Female	400.5	Normal	0.0319	Normal	
Angus	10	Female	301.8	Normal	0.1245	Normal	
Local Zebu	18	Female	175.1	Normal	0.0791	Normal	
Holstein Cross	6	Female	196	Overweight	0.0141	Normal	
Angus	9	Female	282.3	Normal	0.1181	Normal	
Local Zebu	14	Female	190	Overweight	0.0342	Normal	
Holstein Cross	10	Female	227.2	Normal	0.1449	Normal	
Angus	7	Female	229.5	Normal	0.0813	Normal	
Local Zebu	6	Female	82.9	Normal	0.0512	Normal	
Holstein Cross	11	Female	231.4	Normal	0.1329	Normal	
Angus	11	Female	277.7	Normal	0.0811	Normal	
Local Zebu	17	Female	181.1	Normal	0.1071	Normal	
Holstein Cross	14	Male	396.2	Overweight	-0.0019	Flagged - Unusual, Needs Review	
Angus	8	Male	346.1	Overweight	-0.0091	Flagged - Unusual, Needs Review	
Local Zebu	7	Male	74.9	Underweight	-0.0338	Flagged - Potential Sickness	
Holstein Cross	7	Female	189.4	Normal	0.0895	Normal	
Angus	7	Female	216.3	Normal	0.0606	Normal	
Local Zebu	9	Female	119.5	Normal	0.142	Normal	
Holstein Cross	17	Male	389.5	Normal	0.0469	Normal	
Angus	13	Male	440.4	Normal	0.0363	Normal	
Local Zebu	11	Female	139.4	Normal	0.1374	Normal	
Holstein Cross	7	Male	188.3	Normal	0.0592	Normal	
Angus	13	Female	472.8	Overweight	-0.0167	Flagged - Possible Pregnancy or Overweight	
Local Zebu	10	Female	113.6	Normal	0.1256	Normal	
Holstein Cross	6	Male	174.1	Normal	0.022	Normal	
Angus	7	Male	252.1	Normal	0.0547	Normal	
Local Zebu	13	Male	160.6	Normal	0.0934	Normal	
Holstein Cross	9	Male	167.9	Underweight	-0.0151	Flagged - Potential Sickness	
Angus	6	Female	225.6	Normal	0.0814	Normal	
Local Zebu	8	Female	102	Normal	0.1184	Normal	
Holstein Cross	14	Female	306.5	Normal	0.1193	Normal	
Angus	8	Male	291.6	Normal	0.0525	Normal	
Local Zebu	6	Male	85.1	Normal	0.0252	Normal	
Holstein Cross	12	Female	287.2	Normal	0.1035	Normal	
Angus	11	Female	299.7	Normal	0.1031	Normal	
Local Zebu	18	Female	126	Underweight	-0.0095	Flagged - Potential Sickness	
Holstein Cross	12	Female	254.2	Normal	0.1359	Normal	
Angus	14	Male	426.9	Normal	0.0914	Normal	
Local Zebu	11	Male	153.1	Normal	0.0677	Normal	
Holstein Cross	18	Male	353.6	Normal	-0.0057	Flagged - Potential Sickness	
Angus	17	Male	495.6	Normal	0.0519	Normal	
Local Zebu	7	Female	101.2	Normal	0.1095	Normal	
Holstein Cross	15	Female	307.8	Normal	0.1172	Normal	
Angus	17	Male	540.5	Normal	0.0107	Normal	
Local Zebu	16	Male	135.2	Underweight	-0.0177	Flagged - Potential Sickness	
Holstein Cross	18	Male	419.7	Normal	0.0126	Normal	
Angus	17	Female	413.6	Normal	0.096	Normal	
Local Zebu	13	Female	156.6	Normal	0.1318	Normal	
Holstein Cross	18	Female	365.3	Normal	0.0745	Normal	
Angus	10	Female	320	Normal	0.1201	Normal	
Local Zebu	14	Female	155	Normal	0.1433	Normal	
Holstein Cross	10	Male	222.1	Normal	0.0716	Normal	
Angus	9	Female	286	Normal	0.1202	Normal	
Local Zebu	6	Female	90.4	Normal	0.0868	Normal	
Holstein Cross	12	Female	264.8	Normal	0.1426	Normal	
Angus	10	Female	311.2	Normal	0.1253	Normal	
Local Zebu	15	Male	166.3	Normal	0.0716	Normal	
Holstein Cross	11	Female	240.9	Normal	0.1399	Normal	
Angus	7	Female	232.7	Normal	0.0919	Normal	
Local Zebu	12	Female	137.2	Normal	0.1437	Normal	
Holstein Cross	8	Male	190.4	Normal	0.0647	Normal	
Angus	17	Female	436.4	Normal	0.1044	Normal	
Local Zebu	10	Male	124.7	Normal	0.0872	Normal	
Holstein Cross	9	Female	214.1	Normal	0.136	Normal	
Angus	17	Male	507.4	Normal	0.0428	Normal	
Local Zebu	8	Female	115.3	Normal	0.1165	Normal	
Holstein Cross	9	Male	230.2	Normal	0.0818	Normal	
Angus	10	Female	289.4	Normal	0.1137	Normal	
Local Zebu	9	Male	118.7	Normal	0.0878	Normal	
Holstein Cross	11	Female	244.1	Normal	0.1396	Normal	
Angus	12	Female	355.1	Normal	0.1355	Normal	
Local Zebu	16	Female	177.1	Normal	0.1108	Normal	
Holstein Cross	18	Female	387.3	Normal	0.0428	Normal	
Angus	8	Female	275.2	Normal	0.1143	Normal	
Local Zebu	17	Female	173.7	Normal	0.1144	Normal	
Holstein Cross	16	Female	295	Normal	0.0781	Normal	
Angus	18	Female	416	Normal	0.0513	Normal	
Local Zebu	18	Female	212	Normal	0.0133	Normal	
Holstein Cross	10	Male	268.9	Normal	0.0522	Normal	
Angus	12	Male	369.1	Normal	0.0936	Normal	
Local Zebu	11	Male	133.2	Normal	0.0855	Normal	
Holstein Cross	16	Female	329.9	Normal	0.1192	Normal	
Angus	7	Female	230.1	Normal	0.0839	Normal	
Local Zebu	15	Male	163.4	Normal	0.0667	Normal	
Holstein Cross	11	Female	223.2	Normal	0.1178	Normal	
Angus	7	Female	256.1	Normal	0.1059	Normal	
Local Zebu	14	Female	152.5	Normal	0.1463	Normal	
Holstein Cross	8	Female	218.4	Normal	0.0808	Normal	
Angus	9	Male	303.7	Normal	0.0676	Normal	
Local Zebu	13	Male	168.6	Normal	0.0833	Normal	
Holstein Cross	12	Female	257.9	Normal	0.1375	Normal	
Angus	9	Female	299.4	Normal	0.112	Normal	
Local Zebu	7	Female	101.1	Normal	0.1095	Normal	
Holstein Cross	16	Female	296.5	Normal	0.0801	Normal	
Angus	8	Female	267.6	Normal	0.1153	Normal	
Local Zebu	15	Female	166.7	Normal	0.1373	Normal	
Holstein Cross	7	Male	188.1	Normal	0.0587	Normal	
Angus	15	Male	445.4	Normal	0.0823	Normal	
Local Zebu	18	Female	199.3	Normal	0.0529	Normal	
Holstein Cross	11	Female	169.4	Underweight	0.0049	Normal	
Angus	14	Male	404.2	Normal	0.0845	Normal	
Local Zebu	17	Male	212.7	Normal	0.0199	Normal	
Holstein Cross	17	Female	331.4	Normal	0.0976	Normal	
Angus	11	Female	305.8	Normal	0.1127	Normal	
Local Zebu	17	Male	197.3	Normal	0.0413	Normal	
Holstein Cross	7	Male	198.1	Normal	0.0395	Normal	
Angus	12	Female	347.7	Normal	0.1377	Normal	
Local Zebu	10	Female	120.2	Normal	0.1478	Normal	
Holstein Cross	11	Male	263.1	Normal	0.092	Normal	
Angus	11	Female	324.4	Normal	0.134	Normal	
Local Zebu	16	Male	187.2	Normal	0.063	Normal	
Holstein Cross	9	Male	241.6	Normal	0.0591	Normal	
Angus	8	Female	291.5	Normal	0.0886	Normal	
Local Zebu	18	Female	185.7	Normal	0.0761	Normal	
Holstein Cross	7	Male	164.4	Normal	0.035	Normal	
Angus	13	Male	379.4	Normal	0.0866	Normal	
Local Zebu	8	Female	108.5	Normal	0.1303	Normal	
Holstein Cross	6	Male	176.4	Normal	0.0176	Normal	
Angus	18	Male	562	Normal	-0.0097	Flagged - Unusual, Needs Review	
Local Zebu	8	Female	140.6	Overweight	0.02	Normal	
Holstein Cross	11	Female	226	Normal	0.1246	Normal	
Angus	18	Male	570.3	Normal	-0.0179	Flagged - Unusual, Needs Review	
Local Zebu	11	Male	137.8	Normal	0.0893	Normal	
Holstein Cross	13	Female	275.4	Normal	0.1406	Normal	
Angus	17	Female	566.6	Overweight	-0.0536	Flagged - Possible Pregnancy or Overweight	
Local Zebu	7	Female	97.5	Normal	0.1114	Normal	
Holstein Cross	11	Female	246.3	Normal	0.1389	Normal	
Angus	6	Female	221.2	Normal	0.0812	Normal	
Local Zebu	17	Male	197.9	Normal	0.0405	Normal	
Holstein Cross	13	Male	304.1	Normal	0.0832	Normal	
Angus	9	Male	252.1	Normal	0.0168	Normal	
Local Zebu	14	Female	162.5	Normal	0.1352	Normal	
Holstein Cross	8	Female	208.5	Normal	0.1098	Normal	
Angus	6	Male	229	Normal	0.027	Normal	
Local Zebu	11	Female	133	Normal	0.1497	Normal	
Holstein Cross	18	Male	372.2	Normal	0.0111	Normal	
Angus	18	Female	442.6	Normal	0.0711	Normal	
Local Zebu	6	Male	104.4	Normal	-0.005	Flagged - Unusual, Needs Review	
Holstein Cross	13	Male	211.6	Underweight	-0.0019	Flagged - Potential Sickness	
Angus	10	Female	286.8	Normal	0.111	Normal	
Local Zebu	12	Male	142.6	Normal	0.088	Normal	
Holstein Cross	15	Female	288.5	Normal	0.1049	Normal	
Angus	9	Female	298.7	Normal	0.1126	Normal	
Local Zebu	6	Female	92.1	Normal	0.0865	Normal	
Holstein Cross	8	Female	215	Normal	0.0921	Normal	
Angus	16	Female	581.7	Overweight	-0.067	Flagged - Possible Pregnancy or Overweight	
Local Zebu	18	Female	173.9	Normal	0.0757	Normal	
Holstein Cross	17	Female	337.7	Normal	0.106	Normal	
Angus	7	Female	235.6	Normal	0.1022	Normal	
Local Zebu	10	Female	175.5	Overweight	-0.0074	Flagged - Unusual, Needs Review	
Holstein Cross	10	Female	223.2	Normal	0.143	Normal	
Angus	6	Male	204.8	Normal	0.0108	Normal	
Local Zebu	18	Female	170.6	Normal	0.0683	Normal	
Holstein Cross	18	Male	421	Normal	0.012	Normal	
Angus	15	Male	582.8	Overweight	-0.0624	Flagged - Unusual, Needs Review	
Local Zebu	12	Female	145.2	Normal	0.1423	Normal	
Holstein Cross	18	Female	336.9	Normal	0.0572	Normal	
Angus	9	Female	293	Normal	0.1181	Normal	
Local Zebu	18	Female	191.9	Normal	0.0696	Normal	
Holstein Cross	18	Female	341.2	Normal	0.0646	Normal	
Angus	7	Female	262.8	Normal	0.0949	Normal	
Local Zebu	10	Female	122.5	Normal	0.151	Normal	
Holstein Cross	18	Female	401	Normal	0.0306	Normal	
Angus	9	Female	275.2	Normal	0.1122	Normal	
Local Zebu	14	Female	173.1	Normal	0.0978	Normal	
Holstein Cross	12	Female	278.7	Normal	0.1266	Normal	
Angus	15	Female	396.4	Normal	0.1295	Normal	
Local Zebu	18	Male	218.1	Normal	0.0044	Normal	
Holstein Cross	18	Female	356.1	Normal	0.0751	Normal	
Angus	17	Male	336.4	Underweight	-0.0278	Flagged - Potential Sickness	
Local Zebu	13	Male	157.7	Normal	0.0922	Normal	
Holstein Cross	7	Male	190.2	Normal	0.0569	Normal	
Angus	17	Female	396.2	Normal	0.0705	Normal	
Local Zebu	18	Male	212.3	Normal	0.0128	Normal	
Holstein Cross	10	Female	198.6	Normal	0.0923	Normal	
Angus	9	Female	274.5	Normal	0.1124	Normal	
Local Zebu	18	Female	185.6	Normal	0.0776	Normal	
Holstein Cross	7	Female	186.6	Normal	0.0954	Normal	
Angus	7	Female	230.1	Normal	0.0839	Normal	
Local Zebu	18	Female	170.8	Normal	0.0691	Normal	
Holstein Cross	10	Male	249.7	Normal	0.0873	Normal	
Angus	15	Female	291.1	Underweight	0.0158	Normal	
Local Zebu	17	Female	169.1	Normal	0.114	Normal	
Holstein Cross	7	Female	180.5	Normal	0.0979	Normal	
Angus	10	Female	275	Normal	0.0969	Normal	
Local Zebu	13	Female	137.5	Normal	0.131	Normal	
Holstein Cross	8	Male	207.1	Normal	0.0732	Normal	
Angus	9	Male	349.2	Normal	0.0122	Normal	
Local Zebu	7	Female	101.4	Normal	0.1095	Normal	
Holstein Cross	8	Female	224.9	Normal	0.0701	Normal	
Angus	12	Female	365.5	Normal	0.1251	Normal	
Local Zebu	11	Male	128.2	Normal	0.0729	Normal	
Holstein Cross	6	Female	223.2	Overweight	-0.0186	Flagged - Unusual, Needs Review	
Angus	15	Female	388.7	Normal	0.1256	Normal	
Local Zebu	12	Female	148.3	Normal	0.1325	Normal	
Holstein Cross	9	Male	228	Normal	0.0863	Normal	
Angus	10	Male	347.1	Normal	0.0653	Normal	
Local Zebu	13	Male	164.2	Normal	0.092	Normal	
Holstein Cross	16	Male	377.1	Normal	0.0594	Normal	
Angus	11	Female	357.3	Normal	0.1053	Normal	
Local Zebu	13	Male	156.7	Normal	0.0905	Normal	
Holstein Cross	9	Female	230.4	Normal	0.1119	Normal	
Angus	10	Female	288.4	Normal	0.1123	Normal	
Local Zebu	16	Male	139.3	Underweight	-0.0127	Flagged - Potential Sickness	
Holstein Cross	13	Female	293.1	Normal	0.1269	Normal	
Angus	14	Female	411	Normal	0.1172	Normal	
Local Zebu	18	Female	179.1	Normal	0.0792	Normal	
Holstein Cross	7	Female	185.4	Normal	0.095	Normal	
Angus	13	Female	353.6	Normal	0.1316	Normal	
Local Zebu	14	Female	169.4	Normal	0.1137	Normal	
Holstein Cross	17	Female	371.2	Normal	0.0764	Normal	
Angus	17	Male	487.9	Normal	0.0537	Normal	
Local Zebu	10	Female	125.3	Normal	0.15	Normal	
Holstein Cross	8	Male	210.2	Normal	0.0677	Normal	
Angus	11	Female	306.4	Normal	0.1142	Normal	
Local Zebu	13	Female	147	Normal	0.1442	Normal	
Holstein Cross	12	Female	243.5	Normal	0.1185	Normal	
Angus	17	Female	592.4	Overweight	-0.0667	Flagged - Possible Pregnancy or Overweight	
Local Zebu	11	Female	187.4	Overweight	-0.0145	Flagged - Unusual, Needs Review	
Holstein Cross	12	Female	259.4	Normal	0.1387	Normal	
Angus	17	Male	481.9	Normal	0.0507	Normal	
Local Zebu	11	Female	132.8	Normal	0.1504	Normal	
Holstein Cross	14	Female	317.6	Normal	0.1032	Normal	
Angus	15	Male	472.9	Normal	0.0606	Normal	
Local Zebu	10	Female	112.9	Normal	0.1223	Normal	
Holstein Cross	13	Female	302.6	Normal	0.1077	Normal	
Angus	15	Female	394.4	Normal	0.1291	Normal	
Local Zebu	13	Female	144.1	Normal	0.1447	Normal	
Holstein Cross	7	Female	184.4	Normal	0.0953	Normal	
Angus	15	Male	421	Normal	0.0655	Normal	
Local Zebu	15	Female	166.6	Normal	0.1362	Normal	
Holstein Cross	9	Female	204.5	Normal	0.1351	Normal	
Angus	10	Male	389.8	Overweight	0.0034	Normal	
Local Zebu	13	Male	147.7	Normal	0.075	Normal	
Holstein Cross	15	Male	377.4	Normal	0.0473	Normal	
Angus	9	Female	247.6	Normal	0.074	Normal	
Local Zebu	12	Male	151.3	Normal	0.0931	Normal	
Holstein Cross	6	Female	139.2	Normal	0.0194	Normal	
Angus	11	Female	310.9	Normal	0.1221	Normal	
Local Zebu	14	Female	142.7	Normal	0.1269	Normal	
Holstein Cross	14	Female	295.2	Normal	0.1304	Normal	
Angus	10	Male	407.7	Overweight	-0.013	Flagged - Unusual, Needs Review	
Local Zebu	11	Female	136.8	Normal	0.1426	Normal	
Holstein Cross	15	Female	356.8	Normal	0.0544	Normal	
Angus	13	Female	323.7	Normal	0.0891	Normal	
Local Zebu	14	Male	179.3	Normal	0.0795	Normal	
Holstein Cross	17	Female	379.6	Normal	0.0664	Normal	
Angus	11	Male	357.9	Normal	0.087	Normal	
Local Zebu	10	Female	118.1	Normal	0.1438	Normal	
Holstein Cross	15	Male	333.3	Normal	0.0721	Normal	
Angus	11	Female	343.2	Normal	0.1223	Normal	
Local Zebu	17	Female	168.4	Normal	0.1119	Normal	
Holstein Cross	17	Male	373.1	Normal	0.0462	Normal	
Angus	13	Male	353.9	Normal	0.0658	Normal	
Local Zebu	9	Female	118.2	Normal	0.1468	Normal	
Holstein Cross	15	Female	316.2	Normal	0.1238	Normal	
Angus	16	Female	426	Normal	0.115	Normal	
Local Zebu	17	Female	169.7	Normal	0.1149	Normal	
Holstein Cross	12	Female	224.6	Normal	0.0826	Normal	
Angus	8	Female	242.6	Normal	0.0892	Normal	
Local Zebu	8	Male	104.8	Normal	0.0636	Normal	
Holstein Cross	8	Male	204.8	Normal	0.0757	Normal	
Angus	11	Female	324.9	Normal	0.1335	Normal	
Local Zebu	11	Female	129.3	Normal	0.1535	Normal	
Holstein Cross	12	Female	268.4	Normal	0.1398	Normal	
Angus	13	Male	388.2	Normal	0.0928	Normal	
Local Zebu	16	Female	163	Normal	0.1212	Normal	
Holstein Cross	18	Female	372.7	Normal	0.0626	Normal	
Angus	8	Female	267.5	Normal	0.1157	Normal	
Local Zebu	8	Male	118.1	Normal	0.0576	Normal	
Holstein Cross	8	Male	206.6	Normal	0.0733	Normal	
Angus	13	Male	398.4	Normal	0.0923	Normal	
Local Zebu	9	Female	123.8	Normal	0.1313	Normal	
Holstein Cross	18	Male	404.6	Normal	0.0183	Normal	
Angus	11	Male	291.3	Normal	0.0282	Normal	
Local Zebu	18	Female	183.6	Normal	0.0774	Normal	
Holstein Cross	9	Female	203.5	Normal	0.1355	Normal	
Angus	16	Male	457.7	Normal	0.0609	Normal	
Local Zebu	9	Female	118.5	Normal	0.1465	Normal	
Holstein Cross	6	Male	184.8	Normal	0.0105	Normal	
Angus	15	Female	446.1	Normal	0.0701	Normal	
Local Zebu	8	Male	110	Normal	0.0736	Normal	
Holstein Cross	7	Female	176.8	Normal	0.0956	Normal	
Angus	12	Male	364.5	Normal	0.0922	Normal	
Local Zebu	17	Female	182.1	Normal	0.104	Normal	
Holstein Cross	18	Male	382.7	Normal	0.0192	Normal	
Angus	6	Female	215.6	Normal	0.0774	Normal	
Local Zebu	16	Female	119.9	Underweight	0.0091	Normal	
Holstein Cross	17	Male	485.7	Overweight	-0.0426	Flagged - Unusual, Needs Review	
Angus	13	Female	419.7	Normal	0.0621	Normal	
Local Zebu	12	Female	91.5	Underweight	-0.0044	Flagged - Potential Sickness	
Holstein Cross	7	Male	183.6	Normal	0.0649	Normal	
Angus	14	Female	388.1	Normal	0.136	Normal	
Local Zebu	6	Female	76.7	Normal	0.0151	Normal	
Holstein Cross	17	Female	325.7	Normal	0.0918	Normal	
Angus	14	Male	436	Normal	0.0868	Normal	
Local Zebu	17	Female	161.7	Normal	0.0916	Normal	
Holstein Cross	6	Female	205.7	Overweight	0.0007	Normal	
Angus	18	Male	522.5	Normal	0.0183	Normal	
Local Zebu	11	Female	130.2	Normal	0.1524	Normal	
Holstein Cross	17	Male	412.3	Normal	0.0314	Normal	
Angus	6	Female	226.6	Normal	0.0813	Normal	
Local Zebu	8	Female	110.8	Normal	0.127	Normal	
Holstein Cross	18	Female	351.3	Normal	0.0763	Normal	
Angus	14	Male	443.8	Normal	0.079	Normal	
Local Zebu	14	Male	163.7	Normal	0.0926	Normal	
Holstein Cross	17	Female	387.4	Normal	0.0492	Normal	
Angus	8	Female	246.3	Normal	0.0908	Normal	
Local Zebu	14	Male	158.3	Normal	0.0857	Normal	
Holstein Cross	6	Female	168.8	Normal	0.0608	Normal	
Angus	11	Female	316.5	Normal	0.1312	Normal	
Local Zebu	18	Male	225.3	Normal	-0.0101	Flagged - Unusual, Needs Review	
Holstein Cross	12	Male	288.9	Normal	0.0929	Normal	
Angus	18	Female	578.6	Overweight	-0.0608	Flagged - Possible Pregnancy or Overweight	
Local Zebu	15	Female	170.4	Normal	0.1279	Normal	
Holstein Cross	18	Female	372.2	Normal	0.0623	Normal	
Angus	18	Female	449.8	Normal	0.0699	Normal	
Local Zebu	10	Female	121.3	Normal	0.1486	Normal	
Holstein Cross	16	Female	320.1	Normal	0.1168	Normal	
Angus	11	Female	319.6	Normal	0.1335	Normal	
Local Zebu	14	Female	136.1	Normal	0.1018	Normal	
Holstein Cross	18	Male	435.6	Normal	0.0021	Normal	
Angus	12	Male	376.6	Normal	0.0878	Normal	
Local Zebu	14	Female	162.3	Normal	0.1352	Normal	
Holstein Cross	9	Male	218.7	Normal	0.0854	Normal	
Angus	11	Male	360	Normal	0.0849	Normal	
Local Zebu	18	Male	221.7	Normal	-0.001	Flagged - Unusual, Needs Review	
Holstein Cross	11	Male	277	Normal	0.0749	Normal	
Angus	18	Female	462.1	Normal	0.0582	Normal	
Local Zebu	8	Female	105.4	Normal	0.1258	Normal	
Holstein Cross	12	Male	274.1	Normal	0.0882	Normal	
Angus	11	Female	298.3	Normal	0.1039	Normal	
Local Zebu	8	Female	99.4	Normal	0.1067	Normal	
Holstein Cross	18	Female	370.5	Normal	0.0679	Normal	
Angus	10	Female	401.3	Overweight	-0.0011	Flagged - Unusual, Needs Review	
Local Zebu	16	Female	174.9	Normal	0.1187	Normal	
Holstein Cross	6	Female	148.7	Normal	0.0487	Normal	
Angus	11	Female	329.4	Normal	0.1337	Normal	
Local Zebu	16	Female	166.4	Normal	0.1235	Normal	
Holstein Cross	17	Female	334.7	Normal	0.1048	Normal	
Angus	8	Female	235	Normal	0.077	Normal	
Local Zebu	17	Female	159	Normal	0.086	Normal	
Holstein Cross	12	Female	257.1	Normal	0.1363	Normal	
Angus	10	Female	285.5	Normal	0.1091	Normal	
Local Zebu	11	Male	144.9	Normal	0.089	Normal	
Holstein Cross	17	Female	299.8	Normal	0.0503	Normal	
Angus	12	Female	310.2	Normal	0.0972	Normal	
Local Zebu	7	Female	95.1	Normal	0.108	Normal	
Holstein Cross	8	Female	193.9	Normal	0.1221	Normal	
Angus	12	Male	265.4	Underweight	-0.0056	Flagged - Potential Sickness	
Local Zebu	18	Male	199.3	Normal	0.0206	Normal	
Holstein Cross	16	Female	357.9	Normal	0.0889	Normal	
Angus	7	Female	262.4	Normal	0.0956	Normal	
Local Zebu	14	Female	208.7	Overweight	-0.0148	Flagged - Possible Pregnancy or Overweight	
Holstein Cross	15	Male	346.3	Normal	0.0693	Normal	
Angus	18	Female	475.3	Normal	0.0472	Normal	
Local Zebu	18	Female	180.1	Normal	0.08	Normal	
Holstein Cross	12	Male	314.7	Normal	0.0493	Normal	
Angus	15	Female	381.8	Normal	0.1189	Normal	
Local Zebu	12	Female	128.8	Normal	0.1343	Normal	
Holstein Cross	18	Male	362	Normal	-0.0006	Flagged - Potential Sickness	
Angus	17	Male	692.5	Overweight	-0.0699	Flagged - Unusual, Needs Review	
Local Zebu	10	Male	115	Normal	0.0516	Normal	
Holstein Cross	15	Male	368	Normal	0.0568	Normal	
Angus	12	Male	355.9	Normal	0.0865	Normal	
Local Zebu	14	Male	167.4	Normal	0.0953	Normal	
Holstein Cross	12	Male	368.9	Overweight	-0.0148	Flagged - Unusual, Needs Review	
Angus	8	Female	262.6	Normal	0.1151	Normal	
Local Zebu	11	Female	104.9	Underweight	0.0605	Normal	
Holstein Cross	10	Female	233.8	Normal	0.1403	Normal	
Angus	14	Female	385.9	Normal	0.1382	Normal	
Local Zebu	6	Male	85.4	Normal	0.0273	Normal	
Holstein Cross	10	Female	219.1	Normal	0.1381	Normal	
Angus	15	Female	413.5	Normal	0.1262	Normal	
Local Zebu	7	Female	99.2	Normal	0.1101	Normal	
Holstein Cross	16	Female	320.8	Normal	0.1158	Normal	
Angus	16	Male	582.1	Overweight	-0.0471	Flagged - Unusual, Needs Review	
Local Zebu	12	Female	150.2	Normal	0.1269	Normal	
Holstein Cross	7	Female	191.6	Normal	0.0826	Normal	
Angus	6	Female	234.6	Normal	0.0749	Normal	
Local Zebu	12	Female	192.6	Overweight	-0.0162	Flagged - Possible Pregnancy or Overweight	
Holstein Cross	16	Female	344.8	Normal	0.1091	Normal	
Angus	12	Male	351	Normal	0.0803	Normal	
Local Zebu	17	Female	160.8	Normal	0.0916	Normal	
Holstein Cross	12	Female	268.5	Normal	0.1398	Normal	
Angus	17	Female	452.1	Normal	0.092	Normal	
Local Zebu	18	Female	193.9	Normal	0.0639	Normal	
Holstein Cross	12	Male	290.5	Normal	0.0915	Normal	
Angus	8	Female	299.9	Normal	0.0741	Normal	
Local Zebu	14	Female	162.2	Normal	0.1355	Normal	
Holstein Cross	10	Female	213.7	Normal	0.1279	Normal	
Angus	13	Female	431.1	Normal	0.0436	Normal	
Local Zebu	12	Male	155.7	Normal	0.0907	Normal	
Holstein Cross	8	Male	187.3	Normal	0.0577	Normal	
Angus	13	Male	401.7	Normal	0.0918	Normal	
Local Zebu	16	Female	181.2	Normal	0.0995	Normal	
Holstein Cross	12	Female	261.6	Normal	0.1412	Normal	
Angus	18	Female	442.3	Normal	0.0703	Normal	
Local Zebu	7	Female	90.4	Normal	0.0793	Normal	
Holstein Cross	11	Female	233.1	Normal	0.1331	Normal	
Angus	11	Female	212.7	Underweight	0.0078	Normal	
Local Zebu	13	Male	159	Normal	0.0925	Normal	
Holstein Cross	18	Female	376.1	Normal	0.0597	Normal	
Angus	15	Male	468	Normal	0.0653	Normal	
Local Zebu	16	Male	200.8	Normal	0.0464	Normal	
Holstein Cross	12	Male	289.8	Normal	0.092	Normal	
Angus	7	Female	258.4	Normal	0.1005	Normal	
Local Zebu	15	Male	167.7	Normal	0.0779	Normal	
Holstein Cross	16	Female	340.7	Normal	0.1116	Normal	
Angus	14	Female	393.8	Normal	0.1388	Normal	
Local Zebu	11	Female	132.9	Normal	0.15	Normal	
Holstein Cross	17	Male	390.3	Normal	0.0467	Normal	
Angus	11	Female	325.4	Normal	0.1342	Normal	
Local Zebu	15	Female	167.6	Normal	0.1354	Normal	
Holstein Cross	10	Male	280.3	Normal	0.0314	Normal	
Angus	12	Male	361.5	Normal	0.0893	Normal	
Local Zebu	18	Female	188.8	Normal	0.0754	Normal	
Holstein Cross	10	Female	271.1	Normal	0.0683	Normal	
Angus	9	Female	273.9	Normal	0.1103	Normal	
Local Zebu	8	Female	138.1	Overweight	0.0357	Normal	
Holstein Cross	16	Female	313.9	Normal	0.11	Normal	
Angus	9	Male	303.3	Normal	0.0676	Normal	
Local Zebu	17	Female	169.2	Normal	0.114	Normal	
Holstein Cross	15	Female	327.5	Normal	0.1127	Normal	
Angus	7	Male	258.6	Normal	0.0486	Normal	
Local Zebu	17	Female	169.3	Normal	0.1146	Normal	
Holstein Cross	7	Female	165.4	Normal	0.0841	Normal	
Angus	10	Female	307.7	Normal	0.1264	Normal	
Local Zebu	8	Male	144.8	Overweight	-0.0152	Flagged - Unusual, Needs Review	
Holstein Cross	7	Female	156.3	Normal	0.0572	Normal	
Angus	10	Male	321.5	Normal	0.085	Normal	
Local Zebu	17	Female	184.2	Normal	0.1001	Normal	
Holstein Cross	10	Female	281.3	Overweight	0.043	Normal	
Angus	14	Female	377.2	Normal	0.1367	Normal	
Local Zebu	11	Female	125	Normal	0.1443	Normal	
Holstein Cross	18	Female	379.3	Normal	0.0561	Normal	
Angus	16	Male	455.5	Normal	0.0601	Normal	
Local Zebu	10	Male	136.7	Normal	0.0812	Normal	
Holstein Cross	6	Male	178.5	Normal	0.0139	Normal	
Angus	6	Female	223.6	Normal	0.0822	Normal	
Local Zebu	7	Male	100.6	Normal	0.0594	Normal	
Holstein Cross	11	Female	230.1	Normal	0.1292	Normal	
Angus	15	Female	414.4	Normal	0.1248	Normal	
Local Zebu	15	Male	167.4	Normal	0.0765	Normal	
Holstein Cross	14	Female	280.9	Normal	0.1234	Normal	
Angus	12	Female	324.8	Normal	0.1153	Normal	
Local Zebu	17	Female	168.5	Normal	0.1117	Normal	
Holstein Cross	8	Female	187.7	Normal	0.1192	Normal	
Angus	9	Male	379	Overweight	-0.0155	Flagged - Unusual, Needs Review	
Local Zebu	18	Male	219.2	Normal	0.002	Normal	
Holstein Cross	18	Female	336.9	Normal	0.0572	Normal	
Angus	13	Female	376.6	Normal	0.1331	Normal	
Local Zebu	11	Male	180.4	Overweight	-0.0019	Flagged - Unusual, Needs Review	
Holstein Cross	15	Female	328.1	Normal	0.1123	Normal	
Angus	10	Male	311.6	Normal	0.0741	Normal	
Local Zebu	18	Female	195.9	Normal	0.0618	Normal	
Holstein Cross	6	Female	146.7	Normal	0.0444	Normal	
Angus	7	Female	265.8	Normal	0.0906	Normal	
Local Zebu	13	Female	150.5	Normal	0.1419	Normal	
Holstein Cross	7	Female	204.2	Normal	0.0529	Normal	
Angus	14	Female	498.8	Overweight	-0.026	Flagged - Possible Pregnancy or Overweight	
Local Zebu	12	Female	150.6	Normal	0.1256	Normal	
Holstein Cross	15	Female	300.2	Normal	0.1155	Normal	
Angus	9	Female	351.9	Overweight	0.0357	Normal	
Local Zebu	6	Female	92.2	Normal	0.0855	Normal	
Holstein Cross	17	Male	421.8	Normal	0.02	Normal	
Angus	12	Female	351.3	Normal	0.1393	Normal	
Local Zebu	7	Female	101	Normal	0.1098	Normal	
Holstein Cross	17	Female	399.3	Normal	0.0263	Normal	
Angus	9	Female	308.1	Normal	0.0993	Normal	
Local Zebu	12	Female	144.7	Normal	0.1405	Normal	
Holstein Cross	8	Male	214.8	Normal	0.0633	Normal	
Angus	13	Male	401.3	Normal	0.0924	Normal	
Local Zebu	7	Female	116.4	Normal	0.0486	Normal	
Holstein Cross	6	Female	168.8	Normal	0.0608	Normal	
Angus	10	Female	302.9	Normal	0.1239	Normal	
Local Zebu	15	Female	161.3	Normal	0.1397	Normal	
Holstein Cross	12	Female	276.2	Normal	0.1336	Normal	
Angus	7	Male	252	Normal	0.0551	Normal	
Local Zebu	8	Male	112.3	Normal	0.0715	Normal	
Holstein Cross	9	Female	234.9	Normal	0.103	Normal	
Angus	12	Male	430.9	Normal	0.0152	Normal	
Local Zebu	11	Female	128.7	Normal	0.1529	Normal	
Holstein Cross	17	Female	343.3	Normal	0.1079	Normal	
Angus	18	Male	508	Normal	0.0187	Normal	
Local Zebu	7	Male	100.3	Normal	0.059	Normal	
Holstein Cross	6	Male	168.2	Normal	0.034	Normal	
Angus	12	Female	331.2	Normal	0.1285	Normal	
Local Zebu	10	Female	132.9	Normal	0.1351	Normal	
Holstein Cross	10	Male	217.1	Normal	0.058	Normal	
Angus	18	Female	416.1	Normal	0.0524	Normal	
Local Zebu	12	Female	145.4	Normal	0.1416	Normal	
Holstein Cross	11	Female	252.4	Normal	0.1396	Normal	
Angus	16	Male	443	Normal	0.051	Normal	
Local Zebu	14	Female	152	Normal	0.1463	Normal	
Holstein Cross	13	Male	337.2	Normal	0.0462	Normal	
Angus	14	Female	409.2	Normal	0.1198	Normal	
Local Zebu	18	Female	192.4	Normal	0.0683	Normal	
Holstein Cross	13	Male	300.3	Normal	0.0825	Normal	
Angus	10	Female	329.3	Normal	0.104	Normal	
Local Zebu	6	Female	89.9	Normal	0.0863	Normal	
Holstein Cross	18	Female	340.8	Normal	0.064	Normal	
Angus	7	Female	230.7	Normal	0.0856	Normal	
Local Zebu	18	Female	188.3	Normal	0.0768	Normal	
Holstein Cross	13	Female	283.3	Normal	0.1377	Normal	
Angus	18	Female	474	Normal	0.0468	Normal	
Local Zebu	13	Female	101.6	Underweight	0.0135	Normal	
Holstein Cross	12	Male	277.5	Normal	0.0914	Normal	
Angus	16	Male	456.9	Normal	0.0607	Normal	
Local Zebu	17	Female	156.5	Normal	0.0798	Normal	
Holstein Cross	12	Female	242.4	Normal	0.1172	Normal	
Angus	6	Female	213.7	Normal	0.0744	Normal	
Local Zebu	8	Female	111.8	Normal	0.1274	Normal	
Holstein Cross	9	Female	217.7	Normal	0.1332	Normal	
Angus	17	Male	495.8	Normal	0.0508	Normal	
Local Zebu	14	Female	152.7	Normal	0.1456	Normal	
Holstein Cross	14	Male	331.3	Normal	0.0795	Normal	
Angus	10	Female	308.8	Normal	0.1254	Normal	
Local Zebu	6	Female	90	Normal	0.087	Normal	
Holstein Cross	11	Male	251.1	Normal	0.0878	Normal	
Angus	8	Female	264.6	Normal	0.116	Normal	
Local Zebu	10	Male	134.7	Normal	0.0865	Normal	
Holstein Cross	9	Female	219.8	Normal	0.131	Normal	
Angus	13	Female	372	Normal	0.1334	Normal	
Local Zebu	14	Female	149.5	Normal	0.1426	Normal	
Holstein Cross	11	Female	249.8	Normal	0.141	Normal	
Angus	14	Female	417.3	Normal	0.1063	Normal	
Local Zebu	8	Female	119.6	Normal	0.0986	Normal	
Holstein Cross	14	Female	294.7	Normal	0.1305	Normal	
Angus	10	Male	319.6	Normal	0.0834	Normal	
Local Zebu	6	Female	86.8	Normal	0.078	Normal	
Holstein Cross	7	Female	179.5	Normal	0.0982	Normal	
Angus	11	Female	307.6	Normal	0.1155	Normal	
Local Zebu	12	Male	156.2	Normal	0.0902	Normal	
Holstein Cross	7	Male	177.1	Normal	0.0588	Normal	
Angus	15	Female	277.3	Underweight	0.0075	Normal	
Local Zebu	15	Female	168.4	Normal	0.1305	Normal	
Holstein Cross	9	Female	184.2	Normal	0.0857	Normal	
Angus	17	Male	427.2	Normal	0.017	Normal	
Local Zebu	10	Female	126.8	Normal	0.1515	Normal	
Holstein Cross	17	Male	431.7	Normal	0.0038	Normal	
Angus	17	Male	508.8	Normal	0.0431	Normal	
Local Zebu	13	Female	169.7	Normal	0.083	Normal	
Holstein Cross	13	Female	280.7	Normal	0.1385	Normal	
Angus	12	Female	323.4	Normal	0.1136	Normal	
Local Zebu	9	Female	122.9	Normal	0.1356	Normal	
Holstein Cross	16	Male	379.4	Normal	0.0586	Normal	
Angus	16	Female	425	Normal	0.115	Normal	
Local Zebu	17	Female	202.8	Normal	0.0405	Normal	
Holstein Cross	9	Female	201.7	Normal	0.1342	Normal	
Angus	16	Male	411	Normal	0.0303	Normal	
Local Zebu	15	Female	162.2	Normal	0.139	Normal	
Holstein Cross	8	Female	184.1	Normal	0.1113	Normal	
Angus	11	Male	459.3	Overweight	-0.0399	Flagged - Unusual, Needs Review	
Local Zebu	17	Female	156.4	Normal	0.0782	Normal	
Holstein Cross	8	Female	185.8	Normal	0.1174	Normal	
Angus	12	Male	353.6	Normal	0.0849	Normal	
Local Zebu	9	Male	118.8	Normal	0.0869	Normal	
Holstein Cross	7	Male	171.2	Normal	0.0484	Normal	
Angus	12	Female	343.8	Normal	0.1376	Normal	
Local Zebu	12	Male	161.8	Normal	0.074	Normal	
Holstein Cross	18	Female	351.1	Normal	0.0763	Normal	
Angus	11	Female	305.5	Normal	0.1122	Normal	
Local Zebu	6	Male	99.6	Normal	0.0103	Normal	
Holstein Cross	12	Female	306.2	Normal	0.059	Normal	
Angus	9	Female	310.9	Normal	0.0959	Normal	
Local Zebu	9	Female	111.2	Normal	0.1346	Normal	
Holstein Cross	11	Female	255.1	Normal	0.1347	Normal	
Angus	13	Female	355.3	Normal	0.1334	Normal	
Local Zebu	16	Male	185.1	Normal	0.0652	Normal	
Holstein Cross	16	Male	249.4	Underweight	-0.0117	Flagged - Potential Sickness	
Angus	6	Female	232.1	Normal	0.0769	Normal	
Local Zebu	10	Female	136.5	Normal	0.1184	Normal	
Holstein Cross	18	Female	394.2	Normal	0.0361	Normal	
Angus	7	Male	237.7	Normal	0.0484	Normal	
Local Zebu	16	Female	167.9	Normal	0.1263	Normal	
Holstein Cross	8	Female	179.3	Normal	0.0968	Normal	
Angus	13	Female	396.6	Normal	0.1103	Normal	
Local Zebu	17	Male	201.9	Normal	0.0431	Normal	
Holstein Cross	15	Female	292.8	Normal	0.1082	Normal	
Angus	17	Female	439.5	Normal	0.1019	Normal	
Local Zebu	6	Male	91.8	Normal	0.0399	Normal	
Holstein Cross	16	Male	385.2	Normal	0.0554	Normal	
Angus	13	Male	396.4	Normal	0.094	Normal	
Local Zebu	10	Female	132.3	Normal	0.138	Normal	
Holstein Cross	7	Female	157.8	Normal	0.0608	Normal	
Angus	14	Male	409.3	Normal	0.0868	Normal	
Local Zebu	11	Male	128.5	Normal	0.0739	Normal	
Holstein Cross	11	Male	293.8	Normal	0.0439	Normal	
Angus	12	Female	323.8	Normal	0.1149	Normal	
Local Zebu	14	Male	185.4	Normal	0.0623	Normal	
Holstein Cross	11	Female	219.2	Normal	0.1056	Normal	
Angus	13	Female	388.3	Normal	0.1222	Normal	
Local Zebu	6	Female	83.8	Normal	0.0579	Normal	
Holstein Cross	6	Female	100.6	Underweight	-0.056	Flagged - Potential Sickness	
Angus	15	Female	416	Normal	0.1242	Normal	
Local Zebu	13	Female	156.2	Normal	0.1325	Normal	
Holstein Cross	18	Male	433.7	Normal	0.0028	Normal	
Angus	18	Female	396.7	Normal	0.04	Normal	
Local Zebu	17	Female	189	Normal	0.0868	Normal	
Holstein Cross	11	Male	261.4	Normal	0.0913	Normal	
Angus	12	Female	432	Overweight	0.0141	Normal	
Local Zebu	10	Female	136	Normal	0.1217	Normal	
Holstein Cross	10	Female	236.3	Normal	0.1374	Normal	
Angus	13	Male	393.2	Normal	0.0955	Normal	
Local Zebu	10	Female	123	Normal	0.1513	Normal	
Holstein Cross	16	Male	394.7	Normal	0.0458	Normal	
Angus	6	Male	221.2	Normal	0.0262	Normal	
Local Zebu	11	Female	129.8	Normal	0.1526	Normal	
Holstein Cross	16	Female	313.7	Normal	0.1095	Normal	
Angus	11	Female	285.4	Normal	0.0909	Normal	
Local Zebu	11	Female	126.6	Normal	0.1493	Normal	
Holstein Cross	9	Female	205.7	Normal	0.1352	Normal	
Angus	7	Female	258.5	Normal	0.1	Normal	
Local Zebu	8	Female	96.5	Normal	0.0918	Normal	
Holstein Cross	12	Female	265.2	Normal	0.1423	Normal	
Angus	18	Female	506.3	Normal	0.0089	Normal	
Local Zebu	13	Female	157.3	Normal	0.1293	Normal	
Holstein Cross	18	Female	376.7	Normal	0.058	Normal	
Angus	11	Female	351.4	Normal	0.1135	Normal	
Local Zebu	18	Female	198.2	Normal	0.0551	Normal	
Holstein Cross	11	Female	231	Normal	0.1331	Normal	
Angus	17	Female	455.7	Normal	0.086	Normal	
Local Zebu	10	Female	134.9	Normal	0.128	Normal	
Holstein Cross	8	Female	215.6	Normal	0.0913	Normal	
Angus	17	Female	408.5	Normal	0.0872	Normal	
Local Zebu	8	Female	101.8	Normal	0.1182	Normal	
Holstein Cross	10	Female	238.2	Normal	0.1365	Normal	
Angus	15	Female	414.2	Normal	0.1252	Normal	
Local Zebu	15	Female	209.9	Overweight	-0.0013	Flagged - Possible Pregnancy or Overweight	
Holstein Cross	10	Male	234.8	Normal	0.0898	Normal	
Angus	14	Female	403.8	Normal	0.1291	Normal	
Local Zebu	9	Male	120	Normal	0.085	Normal	
Holstein Cross	7	Female	173.3	Normal	0.0954	Normal	
Angus	16	Female	428.1	Normal	0.1157	Normal	
Local Zebu	10	Female	118.5	Normal	0.1452	Normal	
Holstein Cross	9	Male	236.7	Normal	0.069	Normal	
Angus	18	Female	433.6	Normal	0.0672	Normal	
Local Zebu	13	Female	142.7	Normal	0.1434	Normal	
Holstein Cross	9	Female	213.4	Normal	0.136	Normal	
Angus	7	Male	241	Normal	0.0484	Normal	
Local Zebu	13	Male	163.7	Normal	0.0926	Normal	
Holstein Cross	17	Female	390.2	Normal	0.0434	Normal	
Angus	12	Female	350	Normal	0.1391	Normal	
Local Zebu	6	Female	86	Normal	0.0729	Normal	
Holstein Cross	17	Female	318.1	Normal	0.0767	Normal	
Angus	13	Female	384.1	Normal	0.1282	Normal	
Local Zebu	14	Female	127.9	Normal	0.077	Normal	
Holstein Cross	16	Male	462.6	Overweight	-0.0319	Flagged - Unusual, Needs Review	
Angus	12	Female	442.1	Overweight	-0.0019	Flagged - Possible Pregnancy or Overweight	
Local Zebu	7	Female	100.1	Normal	0.11	Normal	
Holstein Cross	12	Male	306.7	Normal	0.0663	Normal	
Angus	9	Female	281.4	Normal	0.1182	Normal	
Local Zebu	13	Male	165.5	Normal	0.0893	Normal	
Holstein Cross	12	Female	298.6	Normal	0.0761	Normal	
Angus	14	Female	363.4	Normal	0.1198	Normal	
Local Zebu	10	Female	135.2	Normal	0.1265	Normal	
Holstein Cross	15	Male	264.6	Underweight	0.0091	Normal	
Angus	14	Female	367.2	Normal	0.1254	Normal	
Local Zebu	11	Male	127.8	Normal	0.0725	Normal	
Holstein Cross	11	Female	238	Normal	0.1392	Normal	
Angus	8	Female	263.3	Normal	0.116	Normal	
Local Zebu	17	Male	194.2	Normal	0.0445	Normal	
Holstein Cross	16	Female	362.1	Normal	0.0828	Normal	
Angus	8	Female	265.6	Normal	0.1152	Normal	
Local Zebu	6	Female	82.9	Normal	0.0512	Normal	
Holstein Cross	11	Male	258.4	Normal	0.0915	Normal	
Angus	6	Male	202.4	Normal	0.0064	Normal	
Local Zebu	16	Male	165.6	Normal	0.0358	Normal	
Holstein Cross	16	Female	383.2	Normal	0.0383	Normal	
Angus	9	Female	289.1	Normal	0.1204	Normal	
Local Zebu	18	Female	197.7	Normal	0.0571	Normal	
Holstein Cross	8	Male	194.7	Normal	0.07	Normal	
Angus	11	Male	354.5	Normal	0.0894	Normal	
Local Zebu	18	Female	185.2	Normal	0.0763	Normal	
Holstein Cross	8	Male	205.2	Normal	0.0748	Normal	
Angus	8	Female	245.4	Normal	0.09	Normal	
Local Zebu	11	Female	133.2	Normal	0.149	Normal	
Holstein Cross	8	Female	194.6	Normal	0.1219	Normal	
Angus	12	Female	334	Normal	0.1321	Normal	
Local Zebu	14	Female	160.5	Normal	0.1352	Normal	
Holstein Cross	16	Female	353.7	Normal	0.0944	Normal	
Angus	10	Female	305.2	Normal	0.125	Normal	
Local Zebu	15	Male	174.4	Normal	0.0816	Normal	
Holstein Cross	18	Female	493	Overweight	-0.0648	Flagged - Possible Pregnancy or Overweight	
Angus	13	Male	498.3	Overweight	-0.0289	Flagged - Unusual, Needs Review	
Local Zebu	16	Female	175.4	Normal	0.116	Normal	
Holstein Cross	6	Male	162.2	Normal	0.0403	Normal	
Angus	6	Male	243.5	Normal	0.0136	Normal	
Local Zebu	10	Female	113.8	Normal	0.1261	Normal	
Holstein Cross	6	Female	148.5	Normal	0.0481	Normal	
Angus	17	Female	454.4	Normal	0.0892	Normal	
Local Zebu	6	Male	90.9	Normal	0.0383	Normal	
Holstein Cross	7	Male	191.9	Normal	0.054	Normal	
Angus	13	Female	440.6	Overweight	0.0263	Normal	
Local Zebu	14	Male	176.5	Normal	0.0851	Normal	
Holstein Cross	14	Male	244.7	Underweight	0.0041	Normal	
Angus	15	Female	419.1	Normal	0.1209	Normal	
Local Zebu	6	Female	85.2	Normal	0.0693	Normal	
Holstein Cross	18	Female	383.5	Normal	0.0511	Normal	
Angus	7	Female	235.4	Normal	0.1017	Normal	
Local Zebu	9	Female	118.1	Normal	0.1467	Normal	
Holstein Cross	13	Female	292	Normal	0.1288	Normal	
Angus	13	Female	373.3	Normal	0.1343	Normal	
Local Zebu	18	Male	219.1	Normal	0.0018	Normal	
Holstein Cross	7	Female	222	Overweight	0.0197	Normal	
Angus	6	Female	240.6	Normal	0.0655	Normal	
Local Zebu	18	Male	251.4	Normal	-0.0487	Flagged - Unusual, Needs Review	
Holstein Cross	13	Female	274.7	Normal	0.1406	Normal	
Angus	13	Female	405.5	Normal	0.0895	Normal	
Local Zebu	16	Female	160.5	Normal	0.117	Normal	
Holstein Cross	9	Female	202.4	Normal	0.134	Normal	
Angus	14	Female	345.5	Normal	0.0945	Normal	
Local Zebu	6	Female	93.2	Normal	0.0822	Normal	
Holstein Cross	7	Female	181.8	Normal	0.0964	Normal	
Angus	15	Female	368.5	Normal	0.0949	Normal	
Local Zebu	17	Female	189.1	Normal	0.0868	Normal	
Holstein Cross	9	Male	235	Normal	0.076	Normal	
Angus	12	Female	353.5	Normal	0.1364	Normal	
Local Zebu	7	Male	103.7	Normal	0.0544	Normal	
Holstein Cross	7	Female	217.2	Overweight	0.0295	Normal	
Angus	6	Female	204.2	Normal	0.0524	Normal	
Local Zebu	12	Female	129.3	Normal	0.1352	Normal	
Holstein Cross	18	Female	360.1	Normal	0.0756	Normal	
Angus	18	Male	500.6	Normal	0.0149	Normal	
Local Zebu	11	Female	135.7	Normal	0.1437	Normal	
Holstein Cross	12	Female	192.4	Underweight	0.0246	Normal	
Angus	8	Female	265.6	Normal	0.1152	Normal	
Local Zebu	8	Female	114.3	Normal	0.1198	Normal	
Holstein Cross	14	Female	342.3	Normal	0.0487	Normal	
Angus	15	Female	401.6	Normal	0.1312	Normal	
Local Zebu	17	Female	121	Underweight	-0.0022	Flagged - Potential Sickness	
Holstein Cross	12	Female	275.6	Normal	0.1344	Normal	
Angus	8	Female	248	Normal	0.0954	Normal	
Local Zebu	6	Male	93.2	Normal	0.0371	Normal	
Holstein Cross	11	Female	300.1	Overweight	0.0403	Normal	
Angus	9	Female	371.7	Overweight	0.0007	Normal	
Local Zebu	18	Female	174.9	Normal	0.0784	Normal	
Holstein Cross	11	Female	250.8	Normal	0.1404	Normal	
Angus	17	Male	525.7	Normal	0.0265	Normal	
Local Zebu	12	Female	94.9	Underweight	0.0058	Normal	
Holstein Cross	8	Female	196.9	Normal	0.1213	Normal	
Angus	10	Female	338.8	Normal	0.0893	Normal	
Local Zebu	10	Male	129.7	Normal	0.0931	Normal	
Holstein Cross	8	Male	215.8	Normal	0.0603	Normal	
Angus	10	Male	197.2	Underweight	-0.0294	Flagged - Potential Sickness	
Local Zebu	11	Female	113.9	Normal	0.1007	Normal	
Holstein Cross	13	Female	296.1	Normal	0.1203	Normal	
Angus	13	Female	346	Normal	0.12	Normal	
Local Zebu	17	Female	173.2	Normal	0.1156	Normal	
Holstein Cross	13	Male	311.3	Normal	0.0846	Normal	
Angus	6	Female	166.7	Underweight	-0.0101	Flagged - Potential Sickness	
Local Zebu	17	Female	172.7	Normal	0.1152	Normal	
Holstein Cross	14	Female	317.1	Normal	0.105	Normal	
Angus	17	Female	448.1	Normal	0.096	Normal	
Local Zebu	12	Female	136	Normal	0.1444	Normal	
Holstein Cross	8	Male	199.4	Normal	0.0755	Normal	
Angus	11	Female	322.6	Normal	0.1337	Normal	
Local Zebu	15	Male	189.1	Normal	0.0686	Normal	
Holstein Cross	6	Female	168.1	Normal	0.0627	Normal	
Angus	14	Male	435.4	Normal	0.0872	Normal	
Local Zebu	16	Male	190.2	Normal	0.0627	Normal	
Holstein Cross	16	Female	323.6	Normal	0.1188	Normal	
Angus	13	Female	476	Overweight	-0.0189	Flagged - Possible Pregnancy or Overweight	
Local Zebu	12	Female	136.8	Normal	0.1436	Normal	
Holstein Cross	6	Female	144.7	Normal	0.04	Normal	
Angus	17	Female	438.5	Normal	0.1037	Normal	
Local Zebu	14	Female	159.8	Normal	0.1379	Normal	
Holstein Cross	7	Male	176.8	Normal	0.0584	Normal	
Angus	11	Male	431.4	Overweight	-0.0149	Flagged - Unusual, Needs Review	
Local Zebu	9	Female	115.2	Normal	0.1416	Normal	
Holstein Cross	10	Female	237.8	Normal	0.1361	Normal	
Angus	9	Female	281.6	Normal	0.1171	Normal	
Local Zebu	15	Male	162	Normal	0.0644	Normal	
Holstein Cross	15	Male	347.3	Normal	0.0684	Normal	
Angus	8	Female	249.9	Normal	0.0993	Normal	
Local Zebu	18	Male	152.5	Underweight	-0.0268	Flagged - Potential Sickness	
Holstein Cross	12	Female	193.8	Underweight	0.0276	Normal	
Angus	16	Male	422.2	Normal	0.0377	Normal	
Local Zebu	12	Female	132.8	Normal	0.1412	Normal	
Holstein Cross	10	Female	239.6	Normal	0.1364	Normal	
Angus	14	Female	369.4	Normal	0.1307	Normal	
Local Zebu	11	Male	133.5	Normal	0.0852	Normal	
Holstein Cross	7	Male	189.2	Normal	0.0571	Normal	
Angus	16	Male	520.4	Normal	0.01	Normal	
Local Zebu	14	Female	155.1	Normal	0.1433	Normal	
Holstein Cross	12	Male	287.4	Normal	0.0926	Normal	
Angus	9	Male	299.1	Normal	0.0706	Normal	
Local Zebu	15	Male	194.4	Normal	0.0524	Normal	
Holstein Cross	13	Female	264.1	Normal	0.1289	Normal	
Angus	14	Female	391.1	Normal	0.1368	Normal	
Local Zebu	12	Female	125.4	Normal	0.1215	Normal	
Holstein Cross	18	Male	412.9	Normal	0.0173	Normal	
Angus	17	Female	436.4	Normal	0.1044	Normal	
Local Zebu	8	Female	121	Normal	0.0947	Normal	
Holstein Cross	16	Female	356.1	Normal	0.0911	Normal	
Angus	12	Female	366.9	Normal	0.1232	Normal	
Local Zebu	18	Female	193.5	Normal	0.0664	Normal	
Holstein Cross	6	Male	175.2	Normal	0.0216	Normal	
Angus	16	Female	410.5	Normal	0.1185	Normal	
Local Zebu	8	Female	97.4	Normal	0.0965	Normal	
Holstein Cross	14	Female	339	Normal	0.0577	Normal	
Angus	12	Female	376.9	Normal	0.1099	Normal	
Local Zebu	9	Female	123.9	Normal	0.1306	Normal	
Holstein Cross	10	Male	253	Normal	0.0793	Normal	
Angus	11	Female	326.4	Normal	0.1338	Normal	
Local Zebu	12	Male	159.5	Normal	0.0831	Normal	
Holstein Cross	16	Male	385.9	Normal	0.0545	Normal	
Angus	17	Female	426.9	Normal	0.1078	Normal	
Local Zebu	17	Female	180.6	Normal	0.1067	Normal	
Holstein Cross	11	Male	281.4	Normal	0.0676	Normal	
Angus	6	Female	221.4	Normal	0.0817	Normal	
Local Zebu	15	Male	166.1	Normal	0.0709	Normal	
Holstein Cross	7	Female	183	Normal	0.0966	Normal	
Angus	12	Male	382.3	Normal	0.0858	Normal	
Local Zebu	9	Female	118.3	Normal	0.1474	Normal	
Holstein Cross	6	Female	159.4	Normal	0.0679	Normal	
Angus	18	Female	451.2	Normal	0.0664	Normal	
Local Zebu	8	Female	100.8	Normal	0.1139	Normal	
Holstein Cross	10	Female	207.5	Normal	0.1134	Normal	
Angus	14	Male	414.4	Normal	0.0916	Normal	
Local Zebu	10	Female	113.1	Normal	0.1239	Normal	
Holstein Cross	8	Female	206.5	Normal	0.1134	Normal	
Angus	11	Male	342	Normal	0.0908	Normal	
Local Zebu	14	Male	162.8	Normal	0.0927	Normal	
Holstein Cross	15	Female	327.3	Normal	0.1124	Normal	
Angus	18	Female	603.9	Overweight	-0.0761	Flagged - Possible Pregnancy or Overweight	
Local Zebu	9	Female	114	Normal	0.1397	Normal	
Holstein Cross	16	Female	314.4	Normal	0.1099	Normal	
Angus	14	Female	377.5	Normal	0.1368	Normal	
Local Zebu	15	Female	170.7	Normal	0.1269	Normal	
Holstein Cross	17	Female	365.1	Normal	0.0862	Normal	
Angus	10	Female	305.2	Normal	0.125	Normal	
Local Zebu	8	Female	108.5	Normal	0.1303	Normal	
Holstein Cross	8	Male	210.1	Normal	0.0677	Normal	
Angus	10	Female	312.8	Normal	0.1251	Normal	
Local Zebu	7	Female	100	Normal	0.1094	Normal	
Holstein Cross	18	Female	397	Normal	0.0328	Normal	
Angus	16	Female	406.5	Normal	0.1159	Normal	
Local Zebu	6	Male	79.6	Normal	-0.0101	Flagged - Potential Sickness	
Holstein Cross	8	Female	226.3	Normal	0.0683	Normal	
Angus	13	Male	415.3	Normal	0.0791	Normal	
Local Zebu	13	Female	155.4	Normal	0.135	Normal	
Holstein Cross	18	Male	394.6	Normal	0.0239	Normal	
Angus	11	Female	328.9	Normal	0.1331	Normal	
Local Zebu	11	Female	126	Normal	0.1479	Normal	
Holstein Cross	13	Female	288	Normal	0.1335	Normal	
Angus	17	Female	431.7	Normal	0.1069	Normal	
Local Zebu	15	Male	169.2	Normal	0.0792	Normal	
Holstein Cross	10	Male	262.2	Normal	0.0624	Normal	
Angus	15	Female	394.9	Normal	0.1293	Normal	
Local Zebu	7	Male	101.5	Normal	0.0603	Normal	
Holstein Cross	11	Male	292.8	Normal	0.0458	Normal	
Angus	13	Male	356.8	Normal	0.0682	Normal	
Local Zebu	18	Female	201.4	Normal	0.0465	Normal	
Holstein Cross	12	Female	279.7	Normal	0.1246	Normal	
Angus	15	Female	408.4	Normal	0.1289	Normal	
Local Zebu	6	Female	90	Normal	0.087	Normal	
Holstein Cross	7	Male	175.8	Normal	0.0553	Normal	
Angus	15	Female	399.6	Normal	0.1301	Normal	
Local Zebu	12	Female	141.2	Normal	0.1429	Normal	
Holstein Cross	6	Female	139.9	Normal	0.0242	Normal	
Angus	18	Female	419.4	Normal	0.0561	Normal	
Local Zebu	11	Female	126.6	Normal	0.1493	Normal	
Holstein Cross	16	Female	322.5	Normal	0.118	Normal	
Angus	11	Male	355.1	Normal	0.0882	Normal	
Local Zebu	14	Female	162.8	Normal	0.1329	Normal	
Holstein Cross	7	Male	245.4	Overweight	-0.0248	Flagged - Unusual, Needs Review	
Angus	18	Male	514.4	Normal	0.0229	Normal	
Local Zebu	8	Male	103.6	Normal	0.0597	Normal	
Holstein Cross	18	Male	423.9	Normal	0.0104	Normal	
Angus	16	Female	412.8	Normal	0.1185	Normal	
Local Zebu	7	Female	103	Normal	0.1062	Normal	
Holstein Cross	7	Female	167.9	Normal	0.09	Normal	
Angus	6	Female	164.9	Underweight	-0.0129	Flagged - Potential Sickness	
Local Zebu	16	Female	180.9	Normal	0.1	Normal	
Holstein Cross	14	Female	325.8	Normal	0.0881	Normal	
Angus	15	Female	405.8	Normal	0.13	Normal	
Local Zebu	11	Female	156.4	Normal	0.0738	Normal	
Holstein Cross	11	Male	255.8	Normal	0.0907	Normal	
Angus	14	Male	406.5	Normal	0.0863	Normal	
Local Zebu	16	Female	177.6	Normal	0.1099	Normal	
Holstein Cross	18	Female	325.5	Normal	0.0462	Normal	
Angus	7	Female	241.5	Normal	0.1069	Normal	
Local Zebu	11	Male	146.9	Normal	0.0841	Normal	
Holstein Cross	12	Female	262.5	Normal	0.1404	Normal	
Angus	14	Male	370.7	Normal	0.052	Normal	
Local Zebu	12	Female	145.4	Normal	0.1416	Normal	
Holstein Cross	11	Female	262.7	Normal	0.1249	Normal	
Angus	7	Male	241.7	Normal	0.0504	Normal	
Local Zebu	11	Female	97.3	Underweight	0.0277	Normal	
Holstein Cross	8	Female	201.4	Normal	0.1202	Normal	
Angus	18	Female	461	Normal	0.0596	Normal	
Local Zebu	16	Female	190.8	Normal	0.0623	Normal	
Holstein Cross	8	Male	202.2	Normal	0.0751	Normal	
Angus	7	Male	273.9	Normal	0.0263	Normal	
Local Zebu	6	Male	81.4	Normal	0.0042	Normal	
Holstein Cross	8	Male	187.8	Normal	0.0588	Normal	
Angus	6	Male	220.3	Normal	0.0273	Normal	
Local Zebu	12	Female	148.9	Normal	0.131	Normal	
Holstein Cross	12	Female	267.7	Normal	0.14	Normal	
Angus	13	Female	356.3	Normal	0.1349	Normal	
Local Zebu	8	Male	118.2	Normal	0.0576	Normal	
Holstein Cross	11	Male	291	Normal	0.051	Normal	
Angus	17	Female	468.3	Normal	0.0681	Normal	
Local Zebu	13	Female	145.4	Normal	0.146	Normal	
Holstein Cross	11	Female	251.6	Normal	0.1412	Normal	
Angus	17	Female	428.5	Normal	0.1083	Normal	
Local Zebu	17	Female	181.1	Normal	0.1071	Normal	
Holstein Cross	7	Male	178.8	Normal	0.0594	Normal	
Angus	7	Female	250.8	Normal	0.1091	Normal	
Local Zebu	6	Female	89.5	Normal	0.0868	Normal	
Holstein Cross	9	Female	201.9	Normal	0.1339	Normal	
Angus	16	Female	407.2	Normal	0.1167	Normal	
Local Zebu	8	Male	101.8	Normal	0.0538	Normal	
Holstein Cross	17	Male	358.4	Normal	0.0385	Normal	
Angus	9	Male	328.6	Normal	0.0445	Normal	
Local Zebu	8	Female	118.8	Normal	0.1057	Normal	
Holstein Cross	18	Female	365.4	Normal	0.0745	Normal	
Angus	18	Male	476.8	Normal	0.0051	Normal	
Local Zebu	9	Female	107.2	Normal	0.1205	Normal	
Holstein Cross	14	Female	289.4	Normal	0.1303	Normal	
Angus	18	Female	609.4	Overweight	-0.0795	Flagged - Possible Pregnancy or Overweight	
Local Zebu	14	Female	151.4	Normal	0.1468	Normal	
Holstein Cross	7	Female	163.8	Normal	0.0796	Normal	
Angus	6	Female	296.5	Overweight	-0.0161	Flagged - Unusual, Needs Review	
Local Zebu	10	Female	138.3	Normal	0.1074	Normal	
Holstein Cross	13	Male	403.6	Overweight	-0.0291	Flagged - Unusual, Needs Review	
Angus	11	Female	205.1	Underweight	0.0032	Normal	
Local Zebu	15	Female	152.1	Normal	0.132	Normal	
Holstein Cross	10	Female	266.9	Normal	0.075	Normal	
Angus	13	Female	357.8	Normal	0.1352	Normal	
Local Zebu	8	Female	108.8	Normal	0.1302	Normal	
Holstein Cross	8	Female	237.4	Overweight	0.0477	Normal	
Angus	18	Female	476	Normal	0.0457	Normal	
Local Zebu	10	Female	117.8	Normal	0.1408	Normal	
Holstein Cross	15	Female	322.8	Normal	0.1166	Normal	
Angus	11	Male	372.4	Normal	0.0643	Normal	
Local Zebu	14	Male	186.4	Normal	0.0593	Normal	
Holstein Cross	8	Female	198.1	Normal	0.1212	Normal	
Angus	13	Female	362.3	Normal	0.1366	Normal	
Local Zebu	17	Male	199.5	Normal	0.0418	Normal	
Holstein Cross	11	Male	263	Normal	0.092	Normal	
Angus	10	Female	266.7	Normal	0.0892	Normal	
Local Zebu	9	Male	115.1	Normal	0.0826	Normal	
Holstein Cross	14	Female	308.9	Normal	0.116	Normal	
Angus	16	Male	444.9	Normal	0.054	Normal	
Local Zebu	15	Male	167.9	Normal	0.0779	Normal	
Holstein Cross	15	Female	320.4	Normal	0.1202	Normal	
Angus	16	Male	479	Normal	0.0564	Normal	
Local Zebu	17	Female	186.8	Normal	0.0939	Normal	
Holstein Cross	16	Female	302.7	Normal	0.0876	Normal	
Angus	11	Female	302.2	Normal	0.1056	Normal	
Local Zebu	9	Female	117.8	Normal	0.1458	Normal	
Holstein Cross	15	Male	331.9	Normal	0.0685	Normal	
Angus	14	Female	375.6	Normal	0.1372	Normal	
Local Zebu	8	Male	111.8	Normal	0.0713	Normal	
Holstein Cross	8	Female	213.7	Normal	0.0936	Normal	
Angus	13	Male	406.7	Normal	0.0884	Normal	
Local Zebu	12	Female	142.3	Normal	0.1418	Normal	
Holstein Cross	9	Male	225	Normal	0.0898	Normal	
Angus	10	Female	300.3	Normal	0.1244	Normal	
Local Zebu	10	Female	126.8	Normal	0.1515	Normal	
Holstein Cross	10	Female	216.1	Normal	0.1336	Normal	
Angus	17	Male	489.2	Normal	0.0546	Normal	
Local Zebu	11	Female	137.1	Normal	0.143	Normal	
Holstein Cross	18	Female	368.8	Normal	0.068	Normal	
Angus	16	Male	464.1	Normal	0.0661	Normal	
Local Zebu	14	Female	110.2	Underweight	0.0188	Normal	
Holstein Cross	15	Male	343.8	Normal	0.0686	Normal	
Angus	15	Female	284.8	Underweight	0.0133	Normal	
Local Zebu	11	Female	90.2	Underweight	0.0045	Normal	
Holstein Cross	9	Female	225.1	Normal	0.1282	Normal	
Angus	15	Female	288.4	Underweight	0.0142	Normal	
Local Zebu	13	Female	141.8	Normal	0.1424	Normal	
Holstein Cross	14	Female	297.4	Normal	0.129	Normal	
Angus	9	Female	282.8	Normal	0.1185	Normal	
Local Zebu	11	Female	121.6	Normal	0.1334	Normal	
Holstein Cross	12	Male	276.1	Normal	0.0914	Normal	
Angus	7	Male	262.7	Normal	0.0406	Normal	
Local Zebu	13	Female	157.7	Normal	0.1269	Normal	
Holstein Cross	17	Female	338.7	Normal	0.1059	Normal	
Angus	15	Male	446.2	Normal	0.0828	Normal	
Local Zebu	18	Female	242.9	Overweight	-0.0386	Flagged - Possible Pregnancy or Overweight	
Holstein Cross	12	Male	280.9	Normal	0.0922	Normal	
Angus	7	Female	275.6	Normal	0.0674	Normal	
Local Zebu	17	Female	149.9	Normal	0.0589	Normal	
Holstein Cross	6	Female	165.8	Normal	0.0655	Normal	
Angus	15	Female	413.6	Normal	0.1259	Normal	
Local Zebu	9	Male	127.6	Normal	0.0747	Normal	
Holstein Cross	10	Female	220.9	Normal	0.1415	Normal	
Angus	8	Female	279.6	Normal	0.1074	Normal	
Local Zebu	18	Female	181.3	Normal	0.0791	Normal	
Holstein Cross	13	Female	268	Normal	0.1357	Normal	
Angus	17	Female	403.9	Normal	0.0804	Normal	
Local Zebu	12	Female	130.8	Normal	0.1375	Normal	
Holstein Cross	15	Female	321.5	Normal	0.1174	Normal	
Angus	18	Male	523.2	Normal	0.0178	Normal	
Local Zebu	16	Male	168.6	Normal	0.044	Normal	
Holstein Cross	18	Female	345.1	Normal	0.0713	Normal	
Angus	8	Female	272.9	Normal	0.1142	Normal	
Local Zebu	14	Male	109.4	Underweight	-0.0254	Flagged - Potential Sickness	
Holstein Cross	6	Male	146	Normal	0.015	Normal	
Angus	11	Male	322.5	Normal	0.0701	Normal	
Local Zebu	9	Female	123.6	Normal	0.1313	Normal	
Holstein Cross	6	Male	150.8	Normal	0.0231	Normal	
Angus	15	Male	429.6	Normal	0.0761	Normal	
Local Zebu	12	Female	132.9	Normal	0.1412	Normal	
Holstein Cross	11	Male	168.8	Underweight	-0.0373	Flagged - Potential Sickness	
Angus	16	Female	427.5	Normal	0.1155	Normal	
Local Zebu	7	Male	113.8	Normal	0.0179	Normal	
Holstein Cross	8	Female	238.5	Overweight	0.0459	Normal	
Angus	7	Female	250.6	Normal	0.1091	Normal	
Local Zebu	8	Female	101.6	Normal	0.1182	Normal	
Holstein Cross	13	Female	320.9	Normal	0.0624	Normal	
Angus	15	Female	422.4	Normal	0.1174	Normal	
Local Zebu	6	Female	90.2	Normal	0.0863	Normal	
Holstein Cross	17	Female	346	Normal	0.1069	Normal	
Angus	16	Female	429.6	Normal	0.1156	Normal	
Local Zebu	15	Male	186.3	Normal	0.0745	Normal	
Holstein Cross	11	Female	307	Overweight	0.0297	Normal	
Angus	10	Female	293.3	Normal	0.1226	Normal	
Local Zebu	6	Male	94.1	Normal	0.0343	Normal	
Holstein Cross	17	Female	362.3	Normal	0.0884	Normal	
Angus	12	Female	243.6	Underweight	0.0215	Normal	
Local Zebu	17	Male	185.4	Normal	0.0404	Normal	
Holstein Cross	7	Female	169.2	Normal	0.0909	Normal	
Angus	11	Male	356.7	Normal	0.0885	Normal	
Local Zebu	17	Female	224.8	Overweight	-0.0074	Flagged - Possible Pregnancy or Overweight	
Holstein Cross	12	Female	251.4	Normal	0.1357	Normal	
Angus	17	Female	465	Normal	0.0712	Normal	
Local Zebu	15	Female	175	Normal	0.1119	Normal	
Holstein Cross	13	Male	323.1	Normal	0.071	Normal	
Angus	11	Female	333.3	Normal	0.13	Normal	
Local Zebu	7	Female	90.5	Normal	0.08	Normal	
Holstein Cross	8	Female	200.6	Normal	0.1198	Normal	
Angus	8	Male	190.4	Underweight	-0.0308	Flagged - Potential Sickness	
Local Zebu	9	Female	96.5	Normal	0.0623	Normal	
Holstein Cross	8	Male	196.3	Normal	0.0732	Normal	
Angus	7	Male	246.7	Normal	0.0543	Normal	
Local Zebu	13	Female	132.7	Normal	0.1161	Normal	
Holstein Cross	13	Female	290.3	Normal	0.1309	Normal	
Angus	8	Male	302.5	Normal	0.0356	Normal	
Local Zebu	13	Female	140.9	Normal	0.141	Normal	
Holstein Cross	9	Male	222.5	Normal	0.0872	Normal	
Angus	12	Female	448.4	Overweight	-0.0132	Flagged - Possible Pregnancy or Overweight	
Local Zebu	10	Female	126.9	Normal	0.1511	Normal	
Holstein Cross	9	Female	221.6	Normal	0.131	Normal	
Angus	6	Female	269.2	Normal	0.0266	Normal	
Local Zebu	9	Female	116.5	Normal	0.1444	Normal	
Holstein Cross	10	Female	175.7	Underweight	0.0379	Normal	
Angus	16	Male	525.5	Normal	0.0005	Normal	
Local Zebu	16	Female	181.9	Normal	0.0959	Normal	
Holstein Cross	10	Female	158.3	Underweight	0.0058	Normal	
Angus	9	Male	257.5	Normal	0.0266	Normal	
Local Zebu	14	Female	149.9	Normal	0.1421	Normal	
Holstein Cross	10	Female	196.8	Normal	0.0856	Normal	
Angus	17	Female	401.2	Normal	0.0767	Normal	
Local Zebu	14	Female	145.2	Normal	0.1352	Normal	
Holstein Cross	15	Male	337.4	Normal	0.072	Normal	
Angus	11	Male	353.1	Normal	0.0898	Normal	
Local Zebu	10	Female	131.7	Normal	0.1389	Normal	
Holstein Cross	14	Male	323.8	Normal	0.0785	Normal	
Angus	18	Female	416.8	Normal	0.0532	Normal	
Local Zebu	12	Female	120	Normal	0.0999	Normal	
Holstein Cross	17	Female	318.7	Normal	0.0793	Normal	
Angus	14	Male	432.4	Normal	0.0905	Normal	
Local Zebu	15	Female	160.1	Normal	0.1397	Normal	
Holstein Cross	9	Male	245.6	Normal	0.0514	Normal	
Angus	6	Female	211.5	Normal	0.0685	Normal	
Local Zebu	10	Male	130.6	Normal	0.0917	Normal	
Holstein Cross	16	Female	331.2	Normal	0.1194	Normal	
Angus	14	Female	420	Normal	0.1014	Normal	
Local Zebu	7	Male	101.6	Normal	0.0603	Normal	
Holstein Cross	10	Male	265.9	Normal	0.0568	Normal	
Angus	14	Female	377.6	Normal	0.1368	Normal	
Local Zebu	11	Female	171.4	Overweight	0.0245	Normal	
Holstein Cross	18	Male	430.4	Normal	0.0035	Normal	
Angus	17	Male	462.4	Normal	0.0404	Normal	
Local Zebu	14	Female	153.6	Normal	0.1463	Normal	
Holstein Cross	16	Female	296.5	Normal	0.0801	Normal	
Angus	11	Female	366.5	Normal	0.0863	Normal	
Local Zebu	17	Female	133.5	Underweight	0.0194	Normal	
Holstein Cross	7	Female	152.9	Normal	0.0421	Normal	
Angus	10	Female	308.7	Normal	0.1254	Normal	
Local Zebu	12	Female	109.2	Underweight	0.0558	Normal	
Holstein Cross	14	Female	294.1	Normal	0.1303	Normal	
Angus	11	Male	400.9	Normal	0.0207	Normal	
Local Zebu	6	Female	86.6	Normal	0.0776	Normal	
Holstein Cross	13	Female	301.9	Normal	0.1077	Normal	
Angus	14	Female	395	Normal	0.1378	Normal	
Local Zebu	16	Male	179.9	Normal	0.0607	Normal	
Holstein Cross	8	Female	218.3	Normal	0.081	Normal	
Angus	13	Female	369.6	Normal	0.1331	Normal	
Local Zebu	6	Male	92.3	Normal	0.0382	Normal	
Holstein Cross	6	Male	162.4	Normal	0.0403	Normal	
Angus	12	Male	410.7	Normal	0.0467	Normal	
Local Zebu	6	Male	100.3	Normal	0.0058	Normal	
Holstein Cross	8	Female	183.2	Normal	0.1084	Normal	
Angus	11	Female	280.4	Normal	0.0859	Normal	
Local Zebu	14	Female	140.5	Normal	0.1175	Normal	
Holstein Cross	17	Male	371.4	Normal	0.043	Normal	
Angus	8	Male	254.9	Normal	0.0455	Normal	
Local Zebu	16	Female	168.7	Normal	0.1266	Normal	
Holstein Cross	10	Female	231.9	Normal	0.1408	Normal	
Angus	14	Female	374.5	Normal	0.1346	Normal	
Local Zebu	18	Female	194.4	Normal	0.0628	Normal	
Holstein Cross	12	Female	266.3	Normal	0.1407	Normal	
Angus	8	Female	262.6	Normal	0.1151	Normal	
Local Zebu	18	Female	195.9	Normal	0.0618	Normal	
Holstein Cross	6	Female	144.4	Normal	0.0398	Normal	
Angus	6	Female	163.1	Underweight	-0.014	Flagged - Potential Sickness	
Local Zebu	12	Male	160.3	Normal	0.0781	Normal	
Holstein Cross	17	Female	361.5	Normal	0.0896	Normal	
Angus	12	Female	338.2	Normal	0.1363	Normal	
Local Zebu	11	Male	149.1	Normal	0.0778	Normal	
Holstein Cross	17	Female	356.8	Normal	0.0944	Normal	
Angus	8	Female	274.7	Normal	0.1131	Normal	
Local Zebu	7	Male	104.2	Normal	0.0517	Normal	
Holstein Cross	18	Female	376.9	Normal	0.058	Normal	
Angus	6	Female	227.6	Normal	0.0808	Normal	
Local Zebu	16	Female	175.5	Normal	0.1146	Normal	
Holstein Cross	17	Male	397	Normal	0.0478	Normal	
Angus	11	Female	307	Normal	0.1146	Normal	
Local Zebu	17	Female	186.6	Normal	0.0944	Normal	
Holstein Cross	10	Female	249.9	Normal	0.1096	Normal	
Angus	14	Female	394.2	Normal	0.1379	Normal	
Local Zebu	15	Female	161.2	Normal	0.1397	Normal	
Holstein Cross	10	Female	234.2	Normal	0.1399	Normal	
Angus	6	Female	236.1	Normal	0.073	Normal	
Local Zebu	10	Female	126.5	Normal	0.1516	Normal	
Holstein Cross	17	Female	349.7	Normal	0.102	Normal	
Angus	10	Female	304.4	Normal	0.1247	Normal	
Local Zebu	18	Female	224.1	Overweight	-0.0105	Flagged - Possible Pregnancy or Overweight	
Holstein Cross	13	Male	345.4	Normal	0.0298	Normal	
Angus	8	Female	295.4	Normal	0.0787	Normal	
Local Zebu	10	Female	145.9	Normal	0.0778	Normal	
Holstein Cross	8	Male	202.6	Normal	0.0757	Normal	
Angus	6	Female	230.7	Normal	0.0782	Normal	
Local Zebu	13	Female	97.3	Underweight	-0.0029	Flagged - Potential Sickness	
Holstein Cross	6	Female	150.7	Normal	0.0543	Normal	
Angus	9	Female	267.4	Normal	0.0994	Normal	
Local Zebu	12	Female	153.8	Normal	0.1151	Normal	
Holstein Cross	17	Female	347.7	Normal	0.1041	Normal	
Angus	18	Male	494.1	Normal	0.0115	Normal	
Local Zebu	12	Female	149	Normal	0.1309	Normal	
Holstein Cross	14	Male	329.8	Normal	0.08	Normal	
Angus	6	Female	152.8	Underweight	-0.0261	Flagged - Potential Sickness	
Local Zebu	11	Female	166.1	Overweight	0.0477	Normal	
Holstein Cross	13	Female	298.2	Normal	0.1166	Normal	
Angus	10	Female	343.6	Normal	0.0837	Normal	
Local Zebu	15	Female	158.4	Normal	0.1365	Normal	
Holstein Cross	15	Female	228.4	Underweight	0.0167	Normal	
Angus	12	Male	347.4	Normal	0.0756	Normal	
Local Zebu	10	Female	124.7	Normal	0.1512	Normal	
Holstein Cross	8	Female	242	Overweight	0.0384	Normal	
Angus	8	Male	269.3	Normal	0.062	Normal	
Local Zebu	11	Female	134.3	Normal	0.1471	Normal	
Holstein Cross	11	Male	270.4	Normal	0.0882	Normal	
Angus	6	Female	225.1	Normal	0.0815	Normal	
Local Zebu	6	Female	79.4	Normal	0.0251	Normal	
Holstein Cross	12	Female	272.3	Normal	0.1349	Normal	
Angus	14	Female	395.4	Normal	0.1369	Normal	
Local Zebu	16	Male	179.1	Normal	0.0607	Normal	
Holstein Cross	17	Male	411.1	Normal	0.0318	Normal	
Angus	17	Male	328.8	Underweight	-0.0314	Flagged - Potential Sickness	
Local Zebu	6	Male	91.4	Normal	0.0389	Normal	
Holstein Cross	9	Female	217.6	Normal	0.1335	Normal	
Angus	11	Female	319.9	Normal	0.1335	Normal	
Local Zebu	10	Female	123.9	Normal	0.15	Normal	
Holstein Cross	15	Female	332.3	Normal	0.102	Normal	
Angus	13	Female	361.1	Normal	0.1358	Normal	
Local Zebu	6	Male	91.5	Normal	0.0404	Normal	
Holstein Cross	17	Female	309.1	Normal	0.0571	Normal	
Angus	7	Female	254.1	Normal	0.1108	Normal	
Local Zebu	12	Female	141.5	Normal	0.1423	Normal	
Holstein Cross	15	Female	304.4	Normal	0.1181	Normal	
Angus	17	Female	478.8	Normal	0.0563	Normal	
Local Zebu	10	Female	115.9	Normal	0.1352	Normal	
Holstein Cross	16	Male	373.1	Normal	0.0613	Normal	
Angus	7	Male	243.3	Normal	0.0532	Normal	
Local Zebu	12	Female	132.3	Normal	0.1417	Normal	
Holstein Cross	9	Female	213.6	Normal	0.1356	Normal	
Angus	15	Male	453.4	Normal	0.0784	Normal	
Local Zebu	12	Male	137.1	Normal	0.0728	Normal	
Holstein Cross	12	Male	253	Normal	0.0652	Normal	
Angus	7	Female	244.5	Normal	0.1112	Normal	
Local Zebu	17	Male	211	Normal	0.0252	Normal	
Holstein Cross	10	Male	243.7	Normal	0.0906	Normal	
Angus	13	Female	352.6	Normal	0.1301	Normal	
Local Zebu	17	Female	170.9	Normal	0.1138	Normal	
Holstein Cross	12	Female	258.3	Normal	0.1381	Normal	
Angus	15	Female	403.9	Normal	0.1306	Normal	
Local Zebu	17	Female	184.6	Normal	0.0986	Normal	
Holstein Cross	15	Male	430.8	Overweight	-0.0269	Flagged - Unusual, Needs Review	
Angus	18	Male	498	Normal	0.0118	Normal	
Local Zebu	12	Male	162.5	Normal	0.0724	Normal	
Holstein Cross	9	Female	198.1	Normal	0.1266	Normal	
Angus	15	Female	380.3	Normal	0.1165	Normal	
Local Zebu	7	Female	101.3	Normal	0.1095	Normal	
Holstein Cross	10	Female	207.5	Normal	0.1134	Normal	
Angus	10	Female	324.7	Normal	0.1121	Normal	
Local Zebu	6	Female	90.1	Normal	0.0867	Normal	
Holstein Cross	8	Female	173.2	Normal	0.0747	Normal	
Angus	10	Female	277.4	Normal	0.101	Normal	
Local Zebu	9	Male	107.6	Normal	0.0537	Normal	
Holstein Cross	17	Female	360.2	Normal	0.0911	Normal	
Angus	13	Female	355.7	Normal	0.1339	Normal	
Local Zebu	14	Female	101.2	Underweight	-0.008	Flagged - Potential Sickness	
Holstein Cross	12	Male	265.7	Normal	0.0831	Normal	
Angus	10	Female	318.2	Normal	0.1211	Normal	
Local Zebu	10	Female	126.1	Normal	0.1511	Normal	
Holstein Cross	8	Female	255.5	Overweight	0.0078	Normal	
Angus	14	Male	414.8	Normal	0.092	Normal	
Local Zebu	14	Female	140.7	Normal	0.1196	Normal	
Holstein Cross	15	Male	345.5	Normal	0.0693	Normal	
Angus	8	Female	272	Normal	0.1142	Normal	
Local Zebu	10	Male	130.2	Normal	0.0924	Normal	
Holstein Cross	16	Female	359	Normal	0.0882	Normal	
Angus	15	Female	281.7	Underweight	0.0122	Normal	
Local Zebu	13	Male	208.2	Overweight	-0.0157	Flagged - Unusual, Needs Review	
Holstein Cross	9	Female	189.2	Normal	0.1028	Normal	
Angus	8	Male	290	Normal	0.0557	Normal	
Local Zebu	8	Female	98.1	Normal	0.102	Normal	
Holstein Cross	10	Male	262.2	Normal	0.0624	Normal	
Angus	14	Female	398.6	Normal	0.1342	Normal	
Local Zebu	18	Female	191.4	Normal	0.0702	Normal	
Holstein Cross	6	Female	142.6	Normal	0.0335	Normal	
Angus	13	Female	372.3	Normal	0.1334	Normal	
Local Zebu	11	Female	130.6	Normal	0.1525	Normal	
Holstein Cross	7	Female	181.9	Normal	0.0967	Normal	
Angus	10	Female	290.1	Normal	0.1169	Normal	
Local Zebu	9	Female	124.1	Normal	0.1307	Normal	
Holstein Cross	12	Female	275.5	Normal	0.1344	Normal	
Angus	7	Female	256.1	Normal	0.1059	Normal	
Local Zebu	17	Female	179.3	Normal	0.1119	Normal	
Holstein Cross	18	Female	357.1	Normal	0.0749	Normal	
Angus	6	Female	239.5	Normal	0.0678	Normal	
Local Zebu	15	Male	172.7	Normal	0.0803	Normal	
Holstein Cross	13	Female	269	Normal	0.1372	Normal	
Angus	16	Female	260.2	Underweight	-0.0085	Flagged - Potential Sickness	
Local Zebu	8	Male	112.8	Normal	0.0725	Normal	
Holstein Cross	11	Female	261.2	Normal	0.1291	Normal	
Angus	15	Female	381.8	Normal	0.1189	Normal	
Local Zebu	15	Male	176	Normal	0.0811	Normal	
Holstein Cross	11	Female	243.7	Normal	0.1396	Normal	
Angus	12	Female	354.6	Normal	0.1351	Normal	
Local Zebu	14	Female	159.8	Normal	0.1379	Normal	
Holstein Cross	11	Male	277.6	Normal	0.0742	Normal	
Angus	10	Female	306.7	Normal	0.1276	Normal	
Local Zebu	12	Female	92.9	Underweight	-0.0001	Flagged - Potential Sickness	
Holstein Cross	15	Male	330	Normal	0.0666	Normal	
Angus	14	Male	391	Normal	0.0729	Normal	
Local Zebu	16	Male	187.9	Normal	0.0622	Normal	
Holstein Cross	12	Female	285	Normal	0.1124	Normal	
Angus	7	Female	187.2	Underweight	0.0124	Normal	
Local Zebu	6	Female	85.5	Normal	0.0711	Normal	
Holstein Cross	12	Male	269.7	Normal	0.0873	Normal	
Angus	18	Female	387.8	Normal	0.0311	Normal	
Local Zebu	9	Male	111.8	Normal	0.0721	Normal	
Holstein Cross	7	Female	182.7	Normal	0.0964	Normal	
Angus	17	Female	434.4	Normal	0.1053	Normal	
Local Zebu	6	Female	87.7	Normal	0.0814	Normal	
Holstein Cross	13	Female	296.7	Normal	0.119	Normal	
Angus	6	Male	156.4	Underweight	-0.0477	Flagged - Potential Sickness	
Local Zebu	10	Male	124.3	Normal	0.0861	Normal	
Holstein Cross	13	Female	281.1	Normal	0.1383	Normal	
Angus	14	Male	420.5	Normal	0.0907	Normal	
Local Zebu	11	Female	139.3	Normal	0.1374	Normal	
Holstein Cross	9	Female	214.5	Normal	0.136	Normal	
Angus	11	Female	353.7	Normal	0.1089	Normal	
Local Zebu	17	Female	201.3	Normal	0.0477	Normal	
Holstein Cross	11	Male	241.2	Normal	0.0771	Normal	
Angus	13	Female	389	Normal	0.1201	Normal	
Local Zebu	6	Female	84	Normal	0.0601	Normal	
Holstein Cross	11	Female	245.7	Normal	0.1393	Normal	
Angus	12	Female	365	Normal	0.1254	Normal	
Local Zebu	6	Male	88.9	Normal	0.0365	Normal	
Holstein Cross	17	Male	409.3	Normal	0.0327	Normal	
Angus	15	Female	394.2	Normal	0.1291	Normal	
Local Zebu	11	Female	133.5	Normal	0.1487	Normal	
Holstein Cross	17	Female	337.1	Normal	0.1055	Normal	
Angus	14	Female	415.7	Normal	0.1104	Normal	
Local Zebu	11	Female	132.1	Normal	0.1515	Normal	
Holstein Cross	9	Male	214.7	Normal	0.0803	Normal	
Angus	12	Female	332	Normal	0.129	Normal	
Local Zebu	8	Female	87.2	Normal	0.0371	Normal	
Holstein Cross	15	Female	317.9	Normal	0.1225	Normal	
Angus	10	Female	306.7	Normal	0.1276	Normal	
Local Zebu	17	Male	200.6	Normal	0.0413	Normal	
Holstein Cross	17	Female	328.8	Normal	0.0951	Normal	
Angus	15	Male	383.2	Normal	0.0359	Normal	
Local Zebu	18	Female	204.4	Normal	0.0377	Normal	
Holstein Cross	13	Male	268.3	Normal	0.0585	Normal	
Angus	13	Female	416.3	Normal	0.0681	Normal	
Local Zebu	18	Female	173.5	Normal	0.0745	Normal	
Holstein Cross	15	Female	359	Normal	0.0497	Normal	
Angus	6	Female	215.2	Normal	0.0768	Normal	
Local Zebu	13	Female	176.6	Normal	0.0512	Normal	
Holstein Cross	18	Female	365	Normal	0.0748	Normal	
Angus	9	Female	288.9	Normal	0.1202	Normal	
Local Zebu	7	Female	107.7	Normal	0.0901	Normal	
Holstein Cross	17	Female	322.1	Normal	0.0826	Normal	
Angus	10	Female	297.1	Normal	0.1244	Normal	
Local Zebu	7	Male	89.3	Normal	0.0162	Normal	
Holstein Cross	9	Male	216.8	Normal	0.0836	Normal	
Angus	15	Female	418.6	Normal	0.1213	Normal	
Local Zebu	9	Female	110.3	Normal	0.1332	Normal	
Holstein Cross	16	Female	351.3	Normal	0.0988	Normal	
Angus	10	Female	333.7	Normal	0.0968	Normal	
Local Zebu	6	Female	92.3	Normal	0.0847	Normal	
Holstein Cross	12	Male	279.2	Normal	0.0921	Normal	
Angus	14	Male	404.7	Normal	0.0852	Normal	
Local Zebu	9	Female	109	Normal	0.1278	Normal	
Holstein Cross	16	Female	328.2	Normal	0.1206	Normal	
Angus	9	Male	312.7	Normal	0.0642	Normal	
Local Zebu	11	Female	141.1	Normal	0.1308	Normal	
Holstein Cross	12	Female	289.6	Normal	0.0994	Normal	
Angus	14	Female	401.1	Normal	0.1316	Normal	
Local Zebu	17	Male	180.7	Normal	0.0373	Normal	
Holstein Cross	16	Male	491.4	Overweight	-0.0534	Flagged - Unusual, Needs Review	
Angus	9	Female	284.9	Normal	0.1196	Normal	
Local Zebu	18	Male	220.1	Normal	0	Normal	
Holstein Cross	10	Female	221.3	Normal	0.1415	Normal	
Angus	10	Female	269.9	Normal	0.0908	Normal	
Local Zebu	15	Female	184.1	Normal	0.0759	Normal	
Holstein Cross	7	Female	166.3	Normal	0.0851	Normal	
Angus	17	Male	464.3	Normal	0.0423	Normal	
Local Zebu	9	Female	128.9	Normal	0.107	Normal	
Holstein Cross	7	Female	205.9	Normal	0.0513	Normal	
Angus	18	Female	428.3	Normal	0.0639	Normal	
Local Zebu	17	Female	169	Normal	0.114	Normal	
Holstein Cross	18	Male	441.8	Normal	-0.0043	Flagged - Unusual, Needs Review	
Angus	6	Female	220.4	Normal	0.0797	Normal	
Local Zebu	11	Male	131.1	Normal	0.0817	Normal	
Holstein Cross	6	Female	159.7	Normal	0.0669	Normal	
Angus	18	Male	564.9	Normal	-0.0141	Flagged - Unusual, Needs Review	
Local Zebu	12	Male	135.1	Normal	0.0631	Normal	
Holstein Cross	9	Female	213.4	Normal	0.136	Normal	
Angus	12	Female	356.8	Normal	0.1327	Normal	
Local Zebu	15	Female	167.4	Normal	0.1364	Normal	
Holstein Cross	7	Female	165.6	Normal	0.0841	Normal	
Angus	6	Female	229.6	Normal	0.0785	Normal	
Local Zebu	7	Male	100.8	Normal	0.0595	Normal	
Holstein Cross	16	Female	317.8	Normal	0.1153	Normal	
Angus	16	Male	468.5	Normal	0.0643	Normal	
Local Zebu	8	Female	114.1	Normal	0.1208	Normal	
Holstein Cross	15	Male	261.8	Underweight	0.0056	Normal	
Angus	6	Female	218.7	Normal	0.078	Normal	
Local Zebu	16	Male	213.8	Normal	0.0052	Normal	
Holstein Cross	7	Female	200.9	Normal	0.0573	Normal	
Angus	11	Female	363.8	Normal	0.0914	Normal	
Local Zebu	17	Female	125.7	Underweight	0.0084	Normal	
Holstein Cross	14	Female	298.6	Normal	0.1287	Normal	
Angus	12	Male	362.4	Normal	0.0901	Normal	
Local Zebu	17	Female	170.1	Normal	0.1153	Normal	
Holstein Cross	16	Female	365.2	Normal	0.0814	Normal	
Angus	8	Female	250.5	Normal	0.1003	Normal	
Local Zebu	18	Female	167.9	Normal	0.0637	Normal	
Holstein Cross	8	Female	199.2	Normal	0.1213	Normal	
Angus	11	Male	371.9	Normal	0.0651	Normal	
Local Zebu	12	Female	146.7	Normal	0.1368	Normal	
Holstein Cross	16	Male	374	Normal	0.0613	Normal	
Angus	12	Female	226.2	Underweight	0.0046	Normal	
Local Zebu	10	Female	134.3	Normal	0.1292	Normal	
Holstein Cross	13	Female	251.9	Normal	0.1019	Normal	
Angus	9	Male	291.9	Normal	0.0654	Normal	
Local Zebu	10	Female	122.5	Normal	0.151	Normal	
Holstein Cross	10	Male	233.4	Normal	0.0884	Normal	
Angus	9	Male	341	Normal	0.0195	Normal	
Local Zebu	7	Female	91.7	Normal	0.091	Normal	
Holstein Cross	14	Female	287.4	Normal	0.1286	Normal	
Angus	14	Male	432.6	Normal	0.0905	Normal	
Local Zebu	10	Female	123.5	Normal	0.1515	Normal	
Holstein Cross	17	Male	348.6	Normal	0.0292	Normal	
Angus	12	Male	365.2	Normal	0.0928	Normal	
Local Zebu	15	Male	168	Normal	0.0779	Normal	
Holstein Cross	6	Female	173.3	Normal	0.0498	Normal	
Angus	9	Female	297.3	Normal	0.1151	Normal	
Local Zebu	17	Female	166.6	Normal	0.1039	Normal	
Holstein Cross	13	Female	309.1	Normal	0.0942	Normal	
Angus	11	Female	315.9	Normal	0.1309	Normal	
Local Zebu	6	Female	91.6	Normal	0.0862	Normal	
Holstein Cross	13	Female	298.3	Normal	0.1168	Normal	
Angus	11	Male	333.5	Normal	0.0851	Normal	
Local Zebu	17	Female	187	Normal	0.0934	Normal	
Holstein Cross	8	Female	238.7	Overweight	0.0457	Normal	
Angus	13	Female	358.6	Normal	0.1353	Normal	
Local Zebu	14	Female	159.1	Normal	0.1384	Normal	
Holstein Cross	14	Female	284	Normal	0.1277	Normal	
Angus	9	Female	348.4	Overweight	0.0398	Normal	
Local Zebu	12	Female	135.3	Normal	0.1461	Normal	
Holstein Cross	9	Female	219	Normal	0.1309	Normal	
Angus	6	Male	244.1	Normal	0.0128	Normal	
Local Zebu	10	Female	155.6	Overweight	0.0509	Normal	
Holstein Cross	18	Female	384.3	Normal	0.0505	Normal	
Angus	17	Female	451.6	Normal	0.0917	Normal	
Local Zebu	16	Male	172.6	Normal	0.0507	Normal	
Holstein Cross	16	Female	232.1	Underweight	0.0101	Normal	
Angus	6	Female	224.4	Normal	0.0823	Normal	
Local Zebu	8	Male	101.7	Normal	0.0538	Normal	
Holstein Cross	13	Female	259.8	Normal	0.1185	Normal	
Angus	17	Female	450.5	Normal	0.093	Normal	
Local Zebu	9	Female	128.5	Normal	0.1112	Normal	
Holstein Cross	15	Female	295	Normal	0.1125	Normal	
Angus	16	Female	517.5	Overweight	-0.0132	Flagged - Possible Pregnancy or Overweight	
Local Zebu	6	Male	91.4	Normal	0.0389	Normal	
Holstein Cross	9	Female	235.6	Normal	0.1013	Normal	
Angus	12	Female	315.3	Normal	0.1032	Normal	
Local Zebu	10	Female	114.1	Normal	0.1263	Normal	
Holstein Cross	16	Male	389	Normal	0.0514	Normal	
Angus	11	Male	465.5	Overweight	-0.0407	Flagged - Unusual, Needs Review	
Local Zebu	16	Male	184.1	Normal	0.0642	Normal	
Holstein Cross	14	Male	337.1	Normal	0.0727	Normal	
Angus	7	Male	239.9	Normal	0.0489	Normal	
Local Zebu	10	Male	164.9	Overweight	0.0115	Normal	
Holstein Cross	6	Male	161.8	Normal	0.0411	Normal	
Angus	11	Female	332.8	Normal	0.1303	Normal	
Local Zebu	17	Male	203.8	Normal	0.0406	Normal	
Holstein Cross	12	Female	275.9	Normal	0.1344	Normal	
Angus	18	Male	477.4	Normal	0.0057	Normal	
Local Zebu	17	Female	183.3	Normal	0.1001	Normal	
Holstein Cross	16	Female	317.5	Normal	0.1137	Normal	
Angus	6	Male	158.5	Underweight	-0.0445	Flagged - Potential Sickness	
Local Zebu	18	Male	216.5	Normal	0.0054	Normal	
Holstein Cross	8	Female	174.1	Normal	0.0805	Normal	
Angus	7	Female	320.9	Overweight	-0.0011	Flagged - Unusual, Needs Review	
Local Zebu	10	Male	135.7	Normal	0.0819	Normal	
Holstein Cross	18	Female	401	Normal	0.0306	Normal	
Angus	16	Male	397.7	Normal	0.0213	Normal	
Local Zebu	16	Female	174.6	Normal	0.1194	Normal	
Holstein Cross	14	Male	341.4	Normal	0.0705	Normal	
Angus	13	Male	343.7	Normal	0.0496	Normal	
Local Zebu	12	Male	150.4	Normal	0.093	Normal	
Holstein Cross	9	Male	233.7	Normal	0.0766	Normal	
Angus	7	Male	217.3	Normal	0.0167	Normal	
Local Zebu	14	Male	171.9	Normal	0.093	Normal	
Holstein Cross	12	Male	290.3	Normal	0.0915	Normal	
Angus	14	Female	389.5	Normal	0.1365	Normal	
Local Zebu	10	Female	119.4	Normal	0.1483	Normal	
Holstein Cross	15	Female	309.4	Normal	0.1166	Normal	
Angus	14	Female	391.2	Normal	0.1368	Normal	
Local Zebu	14	Male	164.1	Normal	0.0929	Normal	
Holstein Cross	10	Female	215.7	Normal	0.1345	Normal	
Angus	11	Male	376.3	Normal	0.0576	Normal	
Local Zebu	12	Female	136.8	Normal	0.1436	Normal	
Holstein Cross	14	Male	340.7	Normal	0.0713	Normal	
Angus	10	Female	294.5	Normal	0.123	Normal	
Local Zebu	14	Male	182.6	Normal	0.0679	Normal	
Holstein Cross	9	Female	216.3	Normal	0.1356	Normal	
Angus	10	Female	310	Normal	0.1259	Normal	
Local Zebu	17	Male	205	Normal	0.0401	Normal	
Holstein Cross	8	Male	198.5	Normal	0.0759	Normal	
Angus	11	Female	336.1	Normal	0.1292	Normal	
Local Zebu	6	Female	90.1	Normal	0.0867	Normal	
Holstein Cross	13	Female	250.7	Normal	0.1006	Normal	
Angus	6	Male	205.5	Normal	0.0109	Normal	
Local Zebu	7	Male	100.3	Normal	0.059	Normal	
Holstein Cross	7	Female	183.1	Normal	0.0967	Normal	
Angus	7	Female	258.3	Normal	0.1005	Normal	
Local Zebu	12	Male	156.4	Normal	0.0882	Normal	
Holstein Cross	12	Female	239.1	Normal	0.1117	Normal	
Angus	16	Female	427.2	Normal	0.1153	Normal	
Local Zebu	18	Male	198.1	Normal	0.0181	Normal	
Holstein Cross	7	Female	175.7	Normal	0.0961	Normal	
Angus	9	Male	307.8	Normal	0.0655	Normal	
Local Zebu	7	Female	96.5	Normal	0.1097	Normal	
Holstein Cross	16	Female	330	Normal	0.1194	Normal	
Angus	16	Female	432.5	Normal	0.1123	Normal	
Local Zebu	15	Female	166.5	Normal	0.1362	Normal	
Holstein Cross	18	Female	396.1	Normal	0.0338	Normal	
Angus	17	Male	456.6	Normal	0.0349	Normal	
Local Zebu	16	Female	136.2	Underweight	0.045	Normal	
Holstein Cross	10	Female	251.2	Normal	0.1088	Normal	
Angus	13	Male	383.3	Normal	0.0882	Normal	
Local Zebu	14	Male	195.1	Normal	0.0349	Normal	
Holstein Cross	9	Female	218.8	Normal	0.1311	Normal	
Angus	18	Female	482.7	Normal	0.036	Normal	
Local Zebu	16	Female	159.9	Normal	0.115	Normal	
Holstein Cross	8	Female	219.6	Normal	0.0759	Normal	
Angus	6	Female	237.9	Normal	0.0705	Normal	
Local Zebu	16	Female	167.6	Normal	0.1263	Normal	
Holstein Cross	6	Female	201.1	Overweight	0.0067	Normal	
Angus	17	Female	380.3	Normal	0.06	Normal	
Local Zebu	6	Female	104.8	Normal	0.0393	Normal	
Holstein Cross	7	Male	183.3	Normal	0.0651	Normal	
Angus	9	Female	364.2	Overweight	0.0147	Normal	
Local Zebu	8	Male	109.8	Normal	0.0738	Normal	
Holstein Cross	18	Female	358.4	Normal	0.0773	Normal	
Angus	7	Female	257.8	Normal	0.1024	Normal	
Local Zebu	13	Female	153.3	Normal	0.1406	Normal	
Holstein Cross	12	Female	276.2	Normal	0.1336	Normal	
Angus	18	Male	510.7	Normal	0.0208	Normal	
Local Zebu	7	Female	107.1	Normal	0.0924	Normal	
Holstein Cross	10	Male	226.9	Normal	0.0813	Normal	
Angus	13	Female	349.2	Normal	0.1256	Normal	
Local Zebu	13	Female	160.6	Normal	0.1197	Normal	
Holstein Cross	7	Male	209.6	Normal	0.0203	Normal	
Angus	17	Female	397.5	Normal	0.0721	Normal	
Local Zebu	18	Female	200.4	Normal	0.0499	Normal	
Holstein Cross	8	Male	196.9	Normal	0.0736	Normal	
Angus	14	Female	420.2	Normal	0.1014	Normal	
Local Zebu	17	Female	188.2	Normal	0.0894	Normal	
Holstein Cross	11	Female	280	Normal	0.0858	Normal	
Angus	10	Male	316.6	Normal	0.0823	Normal	
Local Zebu	15	Female	167.9	Normal	0.1335	Normal	
Holstein Cross	8	Female	193.5	Normal	0.1218	Normal	
Angus	13	Female	364.8	Normal	0.1344	Normal	
Local Zebu	7	Female	107.4	Normal	0.0905	Normal	
Holstein Cross	9	Female	149.7	Underweight	0.0031	Normal	
Angus	6	Female	225.9	Normal	0.0814	Normal	
Local Zebu	17	Female	175	Normal	0.1147	Normal	
Holstein Cross	11	Female	228.4	Normal	0.1277	Normal	
Angus	6	Female	238.1	Normal	0.0704	Normal	
Local Zebu	9	Female	85.2	Underweight	0.0108	Normal	
Holstein Cross	7	Male	162.2	Normal	0.0255	Normal	
Angus	12	Female	362.1	Normal	0.1296	Normal	
Local Zebu	7	Female	130.2	Overweight	0.0082	Normal	
Holstein Cross	13	Female	248.6	Normal	0.096	Normal	
Angus	14	Male	357.5	Normal	0.0332	Normal	
Local Zebu	6	Male	86.4	Normal	0.0306	Normal	
Holstein Cross	6	Female	150.5	Normal	0.0543	Normal	
Angus	14	Female	412.5	Normal	0.1149	Normal	
Local Zebu	17	Female	177.1	Normal	0.1108	Normal	
Holstein Cross	18	Female	346.1	Normal	0.0733	Normal	
Angus	12	Female	354.8	Normal	0.1353	Normal	
Local Zebu	9	Male	119.6	Normal	0.0859	Normal	
Holstein Cross	12	Male	355.1	Overweight	-0.0044	Flagged - Unusual, Needs Review	
Angus	6	Male	214	Normal	0.0239	Normal	
Local Zebu	12	Female	104.3	Underweight	0.0334	Normal	
Holstein Cross	9	Female	210.9	Normal	0.1363	Normal	
Angus	9	Male	255.9	Normal	0.0241	Normal	
Local Zebu	9	Male	117.6	Normal	0.0871	Normal	
Holstein Cross	14	Female	330.2	Normal	0.0819	Normal	
Angus	8	Female	270.6	Normal	0.116	Normal	
Local Zebu	15	Male	145.1	Normal	0.0258	Normal	
Holstein Cross	10	Male	220.8	Normal	0.0673	Normal	
Angus	16	Female	435.7	Normal	0.1091	Normal	
Local Zebu	11	Female	88	Underweight	-0.0036	Flagged - Potential Sickness	
Holstein Cross	6	Male	171.1	Normal	0.0298	Normal	
Angus	13	Male	350.8	Normal	0.0591	Normal	
Local Zebu	18	Female	168.9	Normal	0.0671	Normal	
Holstein Cross	10	Female	220.9	Normal	0.1415	Normal	
Angus	8	Female	294.7	Normal	0.0804	Normal	
Local Zebu	18	Female	181.4	Normal	0.0784	Normal	
Holstein Cross	11	Female	234.8	Normal	0.1392	Normal	
Angus	16	Male	467.6	Normal	0.0656	Normal	
Local Zebu	16	Female	169.9	Normal	0.1273	Normal	
Holstein Cross	13	Female	297.2	Normal	0.1195	Normal	
Angus	12	Female	318.2	Normal	0.1063	Normal	
Local Zebu	16	Male	198	Normal	0.0496	Normal	
Holstein Cross	16	Female	356	Normal	0.0911	Normal	
Angus	14	Female	385.5	Normal	0.1385	Normal	
Local Zebu	10	Male	143.9	Normal	0.0573	Normal	
Holstein Cross	10	Female	241.3	Normal	0.1345	Normal	
Angus	13	Female	332.1	Normal	0.0987	Normal	
Local Zebu	11	Female	132.7	Normal	0.1509	Normal	
Holstein Cross	17	Female	395.2	Normal	0.0344	Normal	
Angus	12	Female	295.6	Normal	0.0846	Normal	
Local Zebu	16	Male	173	Normal	0.0529	Normal	
Holstein Cross	8	Female	218.6	Normal	0.0811	Normal	
Angus	18	Female	440.2	Normal	0.0697	Normal	
Local Zebu	14	Male	181.2	Normal	0.0719	Normal	
Holstein Cross	14	Male	325.7	Normal	0.0806	Normal	
Angus	18	Male	501.1	Normal	0.0152	Normal	
Local Zebu	9	Female	113.7	Normal	0.14	Normal	
Holstein Cross	17	Female	332.3	Normal	0.099	Normal	
Angus	11	Male	427.7	Overweight	-0.0114	Flagged - Unusual, Needs Review	
Local Zebu	7	Female	90.3	Normal	0.0793	Normal	
Holstein Cross	12	Male	216.6	Underweight	0.0088	Normal	
Angus	6	Female	156.5	Underweight	-0.0217	Flagged - Potential Sickness	
Local Zebu	14	Male	184.2	Normal	0.0654	Normal	
Holstein Cross	8	Male	203.9	Normal	0.0759	Normal	
Angus	18	Female	449.4	Normal	0.0708	Normal	
Local Zebu	16	Male	188.3	Normal	0.0618	Normal	
Holstein Cross	17	Male	438.8	Normal	-0.0067	Flagged - Unusual, Needs Review	
Angus	18	Female	436.8	Normal	0.0696	Normal	
Local Zebu	15	Female	176.8	Normal	0.1055	Normal	
Holstein Cross	9	Female	204.2	Normal	0.1351	Normal	
Angus	16	Male	523.3	Normal	0.0021	Normal	
Local Zebu	7	Female	96.4	Normal	0.1092	Normal	
Holstein Cross	6	Male	153.4	Normal	0.0259	Normal	
Angus	18	Female	497.2	Normal	0.0213	Normal	
Local Zebu	14	Female	154.9	Normal	0.1433	Normal	
Holstein Cross	13	Male	269.1	Normal	0.0611	Normal	
Angus	17	Female	440.4	Normal	0.1008	Normal	
Local Zebu	17	Female	169	Normal	0.114	Normal	
Holstein Cross	12	Female	265.6	Normal	0.1419	Normal	
Angus	12	Female	336.5	Normal	0.1342	Normal	
Local Zebu	12	Male	150.6	Normal	0.093	Normal	
Holstein Cross	17	Female	344.8	Normal	0.1057	Normal	
Angus	11	Male	357.4	Normal	0.0866	Normal	
Local Zebu	15	Male	178.4	Normal	0.0809	Normal	
Holstein Cross	16	Female	310.9	Normal	0.1024	Normal	
Angus	9	Male	325.6	Normal	0.0511	Normal	
Local Zebu	7	Female	98.3	Normal	0.1119	Normal	
Holstein Cross	14	Male	310.2	Normal	0.0704	Normal	
Angus	10	Female	304.2	Normal	0.1236	Normal	
Local Zebu	13	Female	157.4	Normal	0.1282	Normal	
Holstein Cross	14	Female	298.7	Normal	0.1284	Normal	
Angus	8	Female	254.6	Normal	0.1079	Normal	
Local Zebu	10	Male	136.4	Normal	0.0825	Normal	
Holstein Cross	14	Male	326	Normal	0.0804	Normal	
Angus	11	Male	345.7	Normal	0.0906	Normal	
Local Zebu	8	Female	119.8	Normal	0.0966	Normal	
Holstein Cross	11	Male	241.6	Normal	0.0771	Normal	
Angus	16	Male	504.1	Normal	0.0335	Normal	
Local Zebu	7	Female	108.6	Normal	0.0858	Normal	
Holstein Cross	12	Male	275.8	Normal	0.0909	Normal	
Angus	11	Female	341.3	Normal	0.1246	Normal	
Local Zebu	6	Male	91.3	Normal	0.0381	Normal	
Holstein Cross	10	Female	213.9	Normal	0.1277	Normal	
Angus	8	Female	274.9	Normal	0.1137	Normal	
Local Zebu	9	Male	78.3	Underweight	-0.0413	Flagged - Potential Sickness	
Holstein Cross	7	Female	176.9	Normal	0.0954	Normal	
Angus	13	Female	376.2	Normal	0.1331	Normal	
Local Zebu	11	Female	131	Normal	0.1528	Normal	
Holstein Cross	17	Female	299.8	Normal	0.0503	Normal	
Angus	17	Male	514.7	Normal	0.0392	Normal	
Local Zebu	6	Female	97.2	Normal	0.0675	Normal	
Holstein Cross	7	Male	170.8	Normal	0.047	Normal	
Angus	18	Female	433.6	Normal	0.0672	Normal	
Local Zebu	12	Male	137.8	Normal	0.0751	Normal	
Holstein Cross	7	Female	196	Normal	0.0677	Normal	
Angus	15	Male	413.2	Normal	0.0615	Normal	
Local Zebu	10	Male	147.7	Normal	0.0469	Normal	
Holstein Cross	9	Male	240.8	Normal	0.0606	Normal	
Angus	14	Male	421.6	Normal	0.0914	Normal	
Local Zebu	13	Female	166.6	Normal	0.0973	Normal	
Holstein Cross	7	Male	192.3	Normal	0.0543	Normal	
Angus	12	Male	372.5	Normal	0.0921	Normal	
Local Zebu	11	Female	131	Normal	0.1528	Normal	
Holstein Cross	6	Female	162.5	Normal	0.0664	Normal	
Angus	7	Male	220	Normal	0.0205	Normal	
Local Zebu	6	Female	92.2	Normal	0.0855	Normal	
Holstein Cross	9	Female	209.7	Normal	0.1364	Normal	
Angus	13	Female	344.5	Normal	0.1176	Normal	
Local Zebu	17	Female	175.1	Normal	0.1148	Normal	
Holstein Cross	13	Female	289	Normal	0.1318	Normal	
Angus	14	Female	420.3	Normal	0.1014	Normal	
Local Zebu	15	Female	170.9	Normal	0.1252	Normal	
Holstein Cross	17	Female	390.5	Normal	0.0427	Normal	
Angus	8	Female	257.6	Normal	0.1082	Normal	
Local Zebu	11	Female	123.9	Normal	0.1418	Normal	
Holstein Cross	18	Female	415.3	Normal	0.0018	Normal	
Angus	6	Female	227.1	Normal	0.0808	Normal	
Local Zebu	12	Female	142.9	Normal	0.1431	Normal	
Holstein Cross	6	Female	119.4	Underweight	-0.0272	Flagged - Potential Sickness	
Angus	16	Male	532.7	Normal	-0.0048	Flagged - Unusual, Needs Review	
Local Zebu	7	Female	128.8	Overweight	0.0126	Normal	
Holstein Cross	16	Female	340.5	Normal	0.1124	Normal	
Angus	14	Male	451.3	Normal	0.0688	Normal	
Local Zebu	8	Female	112.3	Normal	0.1259	Normal	
Holstein Cross	15	Male	316.3	Normal	0.0541	Normal	
Angus	13	Male	383.5	Normal	0.0896	Normal	
Local Zebu	9	Female	128.8	Normal	0.1092	Normal	
Holstein Cross	13	Male	299.6	Normal	0.0839	Normal	
Angus	18	Male	515.2	Normal	0.0227	Normal	
Local Zebu	13	Female	147.5	Normal	0.1447	Normal	
Holstein Cross	17	Male	387.9	Normal	0.0463	Normal	
Angus	17	Male	458.2	Normal	0.0378	Normal	
Local Zebu	16	Male	186.8	Normal	0.0625	Normal	
Holstein Cross	10	Female	227.5	Normal	0.1447	Normal	
Angus	18	Female	476.3	Normal	0.0444	Normal	
Local Zebu	9	Female	126.3	Normal	0.1221	Normal	
Holstein Cross	9	Female	211.9	Normal	0.1363	Normal	
Angus	6	Female	248.7	Normal	0.0538	Normal	
Local Zebu	9	Female	121.6	Normal	0.1396	Normal	
Holstein Cross	11	Female	253.2	Normal	0.1384	Normal	
Angus	6	Female	162.7	Underweight	-0.0144	Flagged - Potential Sickness	
Local Zebu	11	Female	143.1	Normal	0.1248	Normal	
Holstein Cross	14	Male	419.7	Overweight	-0.028	Flagged - Unusual, Needs Review	
Angus	14	Female	385.3	Normal	0.1385	Normal	
Local Zebu	18	Female	188	Normal	0.0769	Normal	
Holstein Cross	15	Female	279.9	Normal	0.0887	Normal	
Angus	15	Female	385.2	Normal	0.1232	Normal	
Local Zebu	14	Female	148.9	Normal	0.1416	Normal	
Holstein Cross	13	Female	271.7	Normal	0.1381	Normal	
Angus	18	Female	427.5	Normal	0.0637	Normal	
Local Zebu	13	Male	148.6	Normal	0.0792	Normal	
Holstein Cross	16	Male	321.1	Normal	0.0291	Normal	
Angus	15	Female	457.3	Normal	0.0508	Normal	
Local Zebu	15	Female	192.8	Normal	0.0403	Normal	
Holstein Cross	14	Female	288	Normal	0.1282	Normal	
Angus	12	Female	353.9	Normal	0.1356	Normal	
Local Zebu	7	Female	97.8	Normal	0.1118	Normal	
Holstein Cross	11	Female	229.4	Normal	0.1295	Normal	
Angus	6	Female	240.6	Normal	0.0655	Normal	
Local Zebu	18	Female	192.3	Normal	0.0696	Normal	
Holstein Cross	17	Male	398.7	Normal	0.0446	Normal	
Angus	16	Female	408.8	Normal	0.1165	Normal	
Local Zebu	17	Female	161.1	Normal	0.0919	Normal	
Holstein Cross	9	Female	197.3	Normal	0.1242	Normal	
Angus	11	Female	339.8	Normal	0.1245	Normal	
Local Zebu	12	Female	136.1	Normal	0.1446	Normal	
Holstein Cross	6	Female	130.5	Normal	-0.0056	Flagged - Potential Sickness	
Angus	14	Male	389.8	Normal	0.0719	Normal	
Local Zebu	6	Female	90.4	Normal	0.0868	Normal	
Holstein Cross	10	Female	223.8	Normal	0.1433	Normal	
Angus	7	Female	253.4	Normal	0.1101	Normal	
Local Zebu	15	Female	169.4	Normal	0.1289	Normal	
Holstein Cross	13	Female	182.7	Underweight	-0.0026	Flagged - Potential Sickness	
Angus	18	Male	570.3	Normal	-0.0179	Flagged - Unusual, Needs Review	
Local Zebu	9	Female	85.5	Underweight	0.0128	Normal	
Holstein Cross	6	Female	165.1	Normal	0.0668	Normal	
Angus	7	Female	179.8	Underweight	0.0008	Normal	
Local Zebu	14	Male	179.3	Normal	0.0795	Normal	
Holstein Cross	10	Female	236.3	Normal	0.1374	Normal	
Angus	16	Female	563.7	Overweight	-0.0593	Flagged - Possible Pregnancy or Overweight	
Local Zebu	18	Male	208	Normal	0.0163	Normal	
Holstein Cross	14	Male	345.4	Normal	0.0622	Normal	
Angus	6	Female	235.5	Normal	0.0764	Normal	
Local Zebu	10	Male	129.5	Normal	0.094	Normal	
Holstein Cross	6	Female	148.8	Normal	0.0494	Normal	
Angus	13	Female	403.3	Normal	0.0987	Normal	
Local Zebu	13	Female	158.5	Normal	0.1251	Normal	
Holstein Cross	14	Male	303.5	Normal	0.0635	Normal	
Angus	16	Female	397.5	Normal	0.1055	Normal	
Local Zebu	10	Female	121.9	Normal	0.1492	Normal	
Holstein Cross	7	Female	173.7	Normal	0.0961	Normal	
Angus	13	Female	365.4	Normal	0.135	Normal	
Local Zebu	9	Male	125.8	Normal	0.0813	Normal	
Holstein Cross	16	Female	327	Normal	0.1208	Normal	
Angus	7	Female	246.4	Normal	0.1103	Normal	
Local Zebu	10	Female	116.1	Normal	0.1365	Normal	
Holstein Cross	6	Female	151.3	Normal	0.0567	Normal	
Angus	18	Female	350.4	Underweight	0.0121	Normal	
Local Zebu	15	Female	143.9	Normal	0.1067	Normal	
Holstein Cross	6	Male	131.9	Normal	-0.0343	Flagged - Potential Sickness	
Angus	16	Female	405.3	Normal	0.1138	Normal	
Local Zebu	18	Female	174	Normal	0.0778	Normal	
Holstein Cross	15	Male	310.3	Normal	0.0439	Normal	
Angus	15	Female	395.8	Normal	0.1294	Normal	
Local Zebu	13	Female	153.4	Normal	0.1406	Normal	
Holstein Cross	8	Female	190.5	Normal	0.1214	Normal	
Angus	6	Female	209.1	Normal	0.0617	Normal	
Local Zebu	10	Female	121.9	Normal	0.1492	Normal	
Holstein Cross	10	Male	235.5	Normal	0.0893	Normal	
Angus	7	Female	238.6	Normal	0.1038	Normal	
Local Zebu	14	Female	173.1	Normal	0.0978	Normal	
Holstein Cross	13	Female	263.4	Normal	0.1272	Normal	
Angus	18	Female	473.4	Normal	0.0472	Normal	
Local Zebu	6	Female	113	Overweight	0.0232	Normal	
Holstein Cross	7	Female	164.6	Normal	0.0813	Normal	
Angus	16	Female	364.9	Normal	0.0694	Normal	
Local Zebu	9	Female	111.2	Normal	0.1346	Normal	
Holstein Cross	14	Female	253.9	Normal	0.0708	Normal	
Angus	13	Male	350.4	Normal	0.0587	Normal	
Local Zebu	6	Female	88.1	Normal	0.0832	Normal	
Holstein Cross	6	Female	178.6	Normal	0.0407	Normal	
Angus	12	Male	345.9	Normal	0.0741	Normal	
Local Zebu	9	Male	131.5	Normal	0.0569	Normal	
Holstein Cross	13	Male	316.3	Normal	0.0769	Normal	
Angus	7	Female	245.8	Normal	0.1105	Normal	
Local Zebu	9	Male	118.9	Normal	0.0869	Normal	
Holstein Cross	8	Female	201.8	Normal	0.1193	Normal	
Angus	8	Female	296.7	Normal	0.0762	Normal	
Local Zebu	18	Male	205.9	Normal	0.018	Normal	
Holstein Cross	13	Male	293.3	Normal	0.0846	Normal	
Angus	17	Female	394.1	Normal	0.0686	Normal	
Local Zebu	9	Female	115.8	Normal	0.1439	Normal	
Holstein Cross	17	Male	369.7	Normal	0.0428	Normal	
Angus	15	Male	489.3	Normal	0.0349	Normal	
Local Zebu	17	Female	195.6	Normal	0.0626	Normal	
Holstein Cross	14	Female	264.7	Normal	0.0927	Normal	
Angus	9	Male	311.2	Normal	0.0649	Normal	
Local Zebu	10	Female	118.1	Normal	0.1438	Normal	
Holstein Cross	17	Female	340.8	Normal	0.1046	Normal	
Angus	8	Male	299.7	Normal	0.0419	Normal	
Local Zebu	9	Male	88.9	Underweight	-0.0154	Flagged - Potential Sickness	
Holstein Cross	13	Female	302	Normal	0.1077	Normal	
Angus	6	Male	230.1	Normal	0.0265	Normal	
Local Zebu	18	Female	172.1	Normal	0.0743	Normal	
Holstein Cross	7	Female	227.1	Overweight	0.0148	Normal	
Angus	6	Female	223.1	Normal	0.082	Normal	
Local Zebu	7	Male	101.8	Normal	0.0602	Normal	
Holstein Cross	16	Male	307.1	Normal	0.0204	Normal	
Angus	12	Male	374.9	Normal	0.0904	Normal	
Local Zebu	13	Female	151.7	Normal	0.1432	Normal	
Holstein Cross	13	Female	384.4	Overweight	-0.0169	Flagged - Possible Pregnancy or Overweight	
Angus	12	Female	327.3	Normal	0.1207	Normal	
Local Zebu	12	Male	111.2	Underweight	0.0046	Normal	
Holstein Cross	10	Female	184.7	Normal	0.0588	Normal	
Angus	18	Female	441.2	Normal	0.0698	Normal	
Local Zebu	12	Female	128.2	Normal	0.1324	Normal	
Holstein Cross	16	Male	407.8	Normal	0.0235	Normal	
Angus	6	Female	224.8	Normal	0.0827	Normal	
Local Zebu	16	Female	167.3	Normal	0.1263	Normal	
Holstein Cross	15	Female	318.6	Normal	0.1216	Normal	
Angus	18	Male	559.2	Normal	-0.0096	Flagged - Unusual, Needs Review	
Local Zebu	18	Female	170.4	Normal	0.0686	Normal	
Holstein Cross	12	Female	265	Normal	0.1431	Normal	
Angus	10	Female	302.1	Normal	0.1247	Normal	
Local Zebu	9	Female	116.8	Normal	0.1452	Normal	
Holstein Cross	11	Female	316.7	Overweight	0.0143	Normal	
Angus	17	Male	450.2	Normal	0.0322	Normal	
Local Zebu	15	Male	170.1	Normal	0.0799	Normal	
Holstein Cross	11	Female	231.2	Normal	0.1329	Normal	
Angus	12	Female	375.4	Normal	0.1123	Normal	
Local Zebu	15	Male	188.9	Normal	0.0688	Normal	
Holstein Cross	16	Female	333.4	Normal	0.119	Normal	
Angus	8	Male	284.9	Normal	0.0626	Normal	
Local Zebu	9	Female	109.3	Normal	0.1281	Normal	
Holstein Cross	17	Male	356.2	Normal	0.0358	Normal	
Angus	14	Female	376.7	Normal	0.1373	Normal	
Local Zebu	16	Female	155.6	Normal	0.1074	Normal	
Holstein Cross	9	Female	275.4	Overweight	0.0214	Normal	
Angus	8	Female	270	Normal	0.116	Normal	
Local Zebu	10	Female	118	Normal	0.1418	Normal	
Holstein Cross	13	Male	289.3	Normal	0.0817	Normal	
Angus	17	Female	443.7	Normal	0.098	Normal	
Local Zebu	9	Female	121.3	Normal	0.1402	Normal	
Holstein Cross	18	Male	455.6	Normal	-0.0196	Flagged - Unusual, Needs Review	
Angus	11	Male	340.9	Normal	0.0897	Normal	
Local Zebu	9	Female	120.3	Normal	0.1425	Normal	
Holstein Cross	13	Male	340.1	Normal	0.0396	Normal	
Angus	7	Female	269.4	Normal	0.0841	Normal	
Local Zebu	11	Male	161.8	Normal	0.0432	Normal	
Holstein Cross	7	Female	194.3	Normal	0.071	Normal	
Angus	8	Female	234.3	Normal	0.0732	Normal	
Local Zebu	13	Female	166.8	Normal	0.0973	Normal	
Holstein Cross	17	Male	377.9	Normal	0.0466	Normal	
Angus	18	Female	461.8	Normal	0.0586	Normal	
Local Zebu	6	Male	82.9	Normal	0.0105	Normal	
Holstein Cross	18	Female	358.4	Normal	0.0773	Normal	
Angus	9	Female	281.1	Normal	0.1181	Normal	
Local Zebu	13	Female	108.5	Underweight	0.031	Normal	
Holstein Cross	18	Male	404.5	Normal	0.0194	Normal	
Angus	17	Female	388.3	Normal	0.0658	Normal	
Local Zebu	6	Female	81.5	Normal	0.0413	Normal	
Holstein Cross	11	Female	241.5	Normal	0.1398	Normal	
Angus	14	Female	393.8	Normal	0.1388	Normal	
Local Zebu	13	Male	161.3	Normal	0.0945	Normal	
Holstein Cross	16	Male	332.4	Normal	0.0469	Normal	
Angus	15	Female	432.9	Normal	0.1027	Normal	
Local Zebu	13	Female	103.6	Underweight	0.018	Normal	
Holstein Cross	13	Female	274.6	Normal	0.1406	Normal	
Angus	18	Female	426	Normal	0.0597	Normal	
Local Zebu	13	Male	161.3	Normal	0.0945	Normal	
Holstein Cross	9	Female	207.2	Normal	0.1352	Normal	
Angus	8	Female	279.3	Normal	0.1087	Normal	
Local Zebu	9	Female	128.9	Normal	0.107	Normal	
Holstein Cross	10	Female	244.1	Normal	0.127	Normal	
Angus	15	Female	438.2	Normal	0.0911	Normal	
Local Zebu	13	Female	141.2	Normal	0.1408	Normal	
Holstein Cross	7	Female	182.9	Normal	0.0964	Normal	
Angus	9	Female	285.3	Normal	0.1203	Normal	
Local Zebu	17	Female	173.6	Normal	0.1144	Normal	
Holstein Cross	16	Female	283	Normal	0.0663	Normal	
Angus	13	Female	371.5	Normal	0.1337	Normal	
Local Zebu	6	Male	114.5	Overweight	-0.0217	Flagged - Unusual, Needs Review	
Holstein Cross	18	Male	276.9	Underweight	-0.0385	Flagged - Potential Sickness	
Angus	13	Female	362.5	Normal	0.1362	Normal	
Local Zebu	14	Male	164	Normal	0.0929	Normal	
Holstein Cross	10	Female	210.9	Normal	0.121	Normal	
Angus	7	Male	268.9	Normal	0.0374	Normal	
Local Zebu	11	Male	149.4	Normal	0.0771	Normal	
Holstein Cross	16	Female	339.7	Normal	0.1122	Normal	
Angus	7	Male	232.9	Normal	0.0422	Normal	
Local Zebu	8	Female	96.8	Normal	0.0949	Normal	
Holstein Cross	10	Female	213.4	Normal	0.1266	Normal	
Angus	6	Male	227.4	Normal	0.0267	Normal	
Local Zebu	7	Female	98.3	Normal	0.1119	Normal	
Holstein Cross	10	Female	219	Normal	0.1381	Normal	
Angus	12	Male	373.6	Normal	0.0908	Normal	
Local Zebu	13	Female	171.9	Normal	0.0718	Normal	
Holstein Cross	9	Female	219	Normal	0.1309	Normal	
Angus	14	Female	509.4	Overweight	-0.0339	Flagged - Possible Pregnancy or Overweight	
Local Zebu	10	Female	136.8	Normal	0.1181	Normal	
Holstein Cross	8	Female	189.9	Normal	0.1204	Normal	
Angus	18	Female	453.9	Normal	0.0669	Normal	
Local Zebu	9	Female	117.5	Normal	0.1456	Normal	
Holstein Cross	14	Female	297.1	Normal	0.1297	Normal	
Angus	7	Male	249.2	Normal	0.0555	Normal	
Local Zebu	13	Female	149.5	Normal	0.1431	Normal	
Holstein Cross	15	Female	314	Normal	0.1209	Normal	
Angus	12	Female	379.6	Normal	0.1039	Normal	
Local Zebu	7	Female	102.7	Normal	0.1076	Normal	
Holstein Cross	12	Female	270.8	Normal	0.1368	Normal	
Angus	15	Female	415	Normal	0.1252	Normal	
Local Zebu	16	Female	160.5	Normal	0.117	Normal	
Holstein Cross	11	Male	281.6	Normal	0.0669	Normal	
Angus	17	Male	535	Normal	0.0173	Normal	
Local Zebu	14	Female	206.9	Overweight	-0.0136	Flagged - Possible Pregnancy or Overweight	
Holstein Cross	7	Female	184.1	Normal	0.0954	Normal	
Angus	14	Female	518.1	Overweight	-0.0423	Flagged - Possible Pregnancy or Overweight	
Local Zebu	18	Male	210.5	Normal	0.015	Normal	
Holstein Cross	12	Female	257.8	Normal	0.1375	Normal	
Angus	8	Female	239.6	Normal	0.0836	Normal	
Local Zebu	11	Male	145.9	Normal	0.0864	Normal	
Holstein Cross	11	Female	244.9	Normal	0.139	Normal	
Angus	16	Female	431.3	Normal	0.1128	Normal	
Local Zebu	6	Female	88	Normal	0.0827	Normal	
Holstein Cross	15	Male	356.1	Normal	0.0665	Normal	
Angus	7	Male	249.5	Normal	0.056	Normal	
Local Zebu	8	Female	100.7	Normal	0.1138	Normal	
Holstein Cross	7	Female	164.9	Normal	0.0815	Normal	
Angus	14	Female	404.2	Normal	0.1287	Normal	
Local Zebu	18	Male	203.5	Normal	0.0201	Normal	
Holstein Cross	14	Male	226.9	Underweight	-0.0056	Flagged - Potential Sickness	
Angus	7	Female	268.3	Normal	0.0842	Normal	
Local Zebu	11	Male	150.3	Normal	0.0751	Normal	
Holstein Cross	17	Female	455.1	Overweight	-0.0441	Flagged - Possible Pregnancy or Overweight	
Angus	10	Female	318.9	Normal	0.1204	Normal	
Local Zebu	10	Female	128.4	Normal	0.1477	Normal	
Holstein Cross	15	Female	294.8	Normal	0.1126	Normal	
Angus	18	Male	511.4	Normal	0.0216	Normal	
Local Zebu	8	Female	73.7	Underweight	-0.0177	Flagged - Potential Sickness	
Holstein Cross	13	Male	193.3	Underweight	-0.0232	Flagged - Potential Sickness	
Angus	18	Female	432.3	Normal	0.0662	Normal	
Local Zebu	16	Male	179.5	Normal	0.0604	Normal	
Holstein Cross	11	Female	252.2	Normal	0.1402	Normal	
Angus	12	Female	346.1	Normal	0.1381	Normal	
Local Zebu	6	Male	86.5	Normal	0.0305	Normal	
Holstein Cross	13	Male	304.9	Normal	0.0846	Normal	
Angus	7	Female	234.4	Normal	0.0963	Normal	
Local Zebu	6	Male	99.5	Normal	0.0103	Normal	
Holstein Cross	13	Female	200	Underweight	0.0186	Normal	
Angus	14	Male	393.9	Normal	0.0754	Normal	
Local Zebu	14	Female	170.4	Normal	0.1092	Normal	
Holstein Cross	15	Female	344.1	Normal	0.0822	Normal	
Angus	10	Female	329.5	Normal	0.104	Normal	
Local Zebu	6	Female	87.9	Normal	0.0819	Normal	
Holstein Cross	14	Female	413	Overweight	-0.0361	Flagged - Possible Pregnancy or Overweight	
Angus	6	Female	209.9	Normal	0.0635	Normal	
Local Zebu	13	Female	148.4	Normal	0.1439	Normal	
Holstein Cross	16	Female	360	Normal	0.0844	Normal	
Angus	15	Female	435	Normal	0.0994	Normal	
Local Zebu	6	Female	90.3	Normal	0.0879	Normal	
Holstein Cross	12	Female	258.8	Normal	0.1378	Normal	
Angus	18	Male	500.9	Normal	0.0149	Normal	
Local Zebu	9	Female	115.3	Normal	0.1413	Normal	
Holstein Cross	6	Male	164.8	Normal	0.0381	Normal	
Angus	14	Female	396.7	Normal	0.1353	Normal	
Local Zebu	14	Female	153.5	Normal	0.1463	Normal	
Holstein Cross	6	Male	146	Normal	0.015	Normal	
Angus	9	Female	272.1	Normal	0.1085	Normal	
Local Zebu	7	Female	97.6	Normal	0.1112	Normal	
Holstein Cross	17	Male	496	Overweight	-0.0461	Flagged - Unusual, Needs Review	
Angus	12	Male	269.8	Underweight	-0.002	Flagged - Potential Sickness	
Local Zebu	17	Female	149.6	Normal	0.0582	Normal	
Holstein Cross	17	Female	349.1	Normal	0.103	Normal	
Angus	16	Female	376.5	Normal	0.0778	Normal	
Local Zebu	6	Female	78.9	Normal	0.0221	Normal	
Holstein Cross	10	Male	247.1	Normal	0.0909	Normal	
Angus	12	Female	365.7	Normal	0.1239	Normal	
Local Zebu	15	Male	177.3	Normal	0.0809	Normal	
Holstein Cross	11	Female	251.3	Normal	0.1404	Normal	
Angus	17	Female	439.2	Normal	0.1027	Normal	
Local Zebu	6	Male	88.1	Normal	0.0354	Normal	
Holstein Cross	15	Female	300.9	Normal	0.1171	Normal	
Angus	8	Male	255.4	Normal	0.0466	Normal	
Local Zebu	15	Male	181.3	Normal	0.0812	Normal	
Holstein Cross	10	Female	224.2	Normal	0.1436	Normal	
Angus	6	Female	223.4	Normal	0.0822	Normal	
Local Zebu	18	Male	225.5	Normal	-0.0103	Flagged - Unusual, Needs Review	
Holstein Cross	17	Female	323.6	Normal	0.0853	Normal	
Angus	12	Female	250.8	Underweight	0.0273	Normal	
Local Zebu	10	Female	118.7	Normal	0.1452	Normal	
Holstein Cross	12	Female	283.1	Normal	0.1146	Normal	
Angus	6	Male	201.7	Normal	0.004	Normal	
Local Zebu	18	Female	186.8	Normal	0.0781	Normal	
Holstein Cross	6	Male	163.9	Normal	0.0396	Normal	
Angus	16	Female	433.9	Normal	0.1121	Normal	
Local Zebu	11	Male	118.4	Normal	0.0366	Normal	
Holstein Cross	12	Male	287.2	Normal	0.0926	Normal	
Angus	10	Male	328.2	Normal	0.086	Normal	
Local Zebu	10	Female	122.6	Normal	0.1508	Normal	
Holstein Cross	12	Male	261.6	Normal	0.0768	Normal	
Angus	14	Male	412.1	Normal	0.0891	Normal	
Local Zebu	14	Female	137.5	Normal	0.1074	Normal	
Holstein Cross	14	Male	325.5	Normal	0.0802	Normal	
Angus	10	Female	270	Normal	0.0908	Normal	
Local Zebu	10	Female	131.7	Normal	0.1389	Normal	
Holstein Cross	10	Female	232.9	Normal	0.1405	Normal	
Angus	18	Female	445	Normal	0.0713	Normal	
Local Zebu	14	Female	128.9	Normal	0.0842	Normal	
Holstein Cross	6	Female	154.5	Normal	0.0641	Normal	
Angus	11	Female	335	Normal	0.1303	Normal	
Local Zebu	8	Female	102.7	Normal	0.1216	Normal	
Holstein Cross	16	Female	341.3	Normal	0.112	Normal	
Angus	16	Female	381.4	Normal	0.0798	Normal	
Local Zebu	17	Female	173.3	Normal	0.1152	Normal	
Holstein Cross	17	Female	384.8	Normal	0.0575	Normal	
Angus	11	Male	362.5	Normal	0.0819	Normal	
Local Zebu	9	Female	116.6	Normal	0.1454	Normal	
Holstein Cross	7	Female	179.7	Normal	0.0977	Normal	
Angus	15	Male	455.7	Normal	0.0774	Normal	
Local Zebu	13	Female	140.1	Normal	0.1396	Normal	
Holstein Cross	8	Female	187.3	Normal	0.1192	Normal	
Angus	17	Male	512.5	Normal	0.0402	Normal	
Local Zebu	11	Female	135.9	Normal	0.1431	Normal	
Holstein Cross	13	Female	280.1	Normal	0.1376	Normal	
Angus	16	Female	446.1	Normal	0.0908	Normal	
Local Zebu	15	Male	242.5	Overweight	-0.0498	Flagged - Unusual, Needs Review	
Holstein Cross	10	Male	224.6	Normal	0.0756	Normal	
Angus	14	Male	450.7	Normal	0.0697	Normal	
Local Zebu	8	Male	100.7	Normal	0.0461	Normal	
Holstein Cross	9	Female	207.6	Normal	0.1361	Normal	
Angus	14	Male	442.7	Normal	0.0799	Normal	
Local Zebu	13	Female	155	Normal	0.136	Normal	
Holstein Cross	8	Female	195.3	Normal	0.1216	Normal	
Angus	15	Female	430	Normal	0.1065	Normal	
Local Zebu	17	Male	217.2	Normal	0.0052	Normal	
Holstein Cross	10	Male	265.1	Normal	0.0595	Normal	
Angus	18	Male	531.1	Normal	0.0141	Normal	
Local Zebu	6	Male	91.8	Normal	0.0399	Normal	
Holstein Cross	6	Female	170.7	Normal	0.0578	Normal	
Angus	13	Female	352.2	Normal	0.1305	Normal	
Local Zebu	11	Female	137.7	Normal	0.143	Normal	
Holstein Cross	9	Male	217.4	Normal	0.085	Normal	
Angus	8	Female	274.6	Normal	0.1131	Normal	
Local Zebu	18	Male	228.8	Normal	-0.0187	Flagged - Unusual, Needs Review	
Holstein Cross	9	Female	191.9	Normal	0.1111	Normal	
Angus	15	Male	462.7	Normal	0.0732	Normal	
Local Zebu	14	Female	155.9	Normal	0.1426	Normal	
Holstein Cross	7	Female	188.3	Normal	0.0908	Normal	
Angus	14	Female	408.3	Normal	0.1225	Normal	
Local Zebu	16	Female	180.8	Normal	0.1008	Normal	
Holstein Cross	15	Female	336.9	Normal	0.0908	Normal	
Angus	16	Female	381.9	Normal	0.0811	Normal	
Local Zebu	17	Female	169.2	Normal	0.114	Normal	
Holstein Cross	8	Female	248.9	Overweight	0.0245	Normal	
Angus	11	Female	331.2	Normal	0.1323	Normal	
Local Zebu	13	Male	151.8	Normal	0.0887	Normal	
Holstein Cross	11	Female	259.8	Normal	0.1311	Normal	
Angus	6	Female	216.1	Normal	0.077	Normal	
Local Zebu	9	Female	111.8	Normal	0.1368	Normal	
Holstein Cross	15	Male	340.7	Normal	0.0697	Normal	
Angus	16	Female	385.2	Normal	0.0828	Normal	
Local Zebu	14	Male	163.8	Normal	0.0926	Normal	
Holstein Cross	16	Female	316.6	Normal	0.1128	Normal	
Angus	18	Female	482.8	Normal	0.036	Normal	
Local Zebu	8	Female	108.4	Normal	0.1296	Normal	
Holstein Cross	10	Female	225.7	Normal	0.1448	Normal	
Angus	15	Male	586.1	Overweight	-0.0651	Flagged - Unusual, Needs Review	
Local Zebu	17	Female	176.4	Normal	0.111	Normal	
Holstein Cross	18	Male	384	Normal	0.0194	Normal	
Angus	13	Female	362.9	Normal	0.1361	Normal	
Local Zebu	16	Male	164.7	Normal	0.0337	Normal	
Holstein Cross	9	Female	210	Normal	0.1365	Normal	
Angus	16	Female	385	Normal	0.0828	Normal	
Local Zebu	8	Female	116.3	Normal	0.1135	Normal	
Holstein Cross	12	Female	270.4	Normal	0.1382	Normal	
Angus	13	Female	368.8	Normal	0.1329	Normal	
Local Zebu	15	Female	153	Normal	0.1328	Normal	
Holstein Cross	13	Male	334	Normal	0.0547	Normal	
Angus	11	Female	331.2	Normal	0.1323	Normal	
Local Zebu	7	Female	95.2	Normal	0.108	Normal	
Holstein Cross	7	Female	165	Normal	0.0817	Normal	
Angus	16	Female	531.7	Overweight	-0.0273	Flagged - Possible Pregnancy or Overweight	
Local Zebu	12	Female	98.1	Underweight	0.0147	Normal	
Holstein Cross	12	Male	324.8	Normal	0.0322	Normal	
Angus	11	Male	337.5	Normal	0.0869	Normal	
Local Zebu	11	Male	138.5	Normal	0.0918	Normal	
Holstein Cross	16	Female	319.8	Normal	0.1168	Normal	
Angus	18	Male	489.6	Normal	0.0122	Normal	
Local Zebu	10	Female	165.8	Overweight	0.0133	Normal	
Holstein Cross	17	Female	317.8	Normal	0.0761	Normal	
Angus	18	Male	523.9	Normal	0.0171	Normal	
Local Zebu	13	Female	138.9	Normal	0.1384	Normal	
Holstein Cross	8	Female	160.6	Normal	0.0409	Normal	
Angus	16	Male	483.7	Normal	0.0556	Normal	
Local Zebu	8	Female	108.3	Normal	0.1299	Normal	
Holstein Cross	6	Male	159.9	Normal	0.0378	Normal	
Angus	13	Female	353.3	Normal	0.1316	Normal	
Local Zebu	9	Female	117.7	Normal	0.1455	Normal	
Holstein Cross	10	Male	222.6	Normal	0.0725	Normal	
Angus	18	Female	443.4	Normal	0.0713	Normal	
Local Zebu	15	Female	155.1	Normal	0.1348	Normal	
Holstein Cross	17	Female	361.8	Normal	0.0893	Normal	
Angus	13	Female	378.4	Normal	0.1311	Normal	
Local Zebu	16	Female	151.8	Normal	0.0981	Normal	
Holstein Cross	12	Female	265.2	Normal	0.1423	Normal	
Angus	14	Male	389.4	Normal	0.0716	Normal	
Local Zebu	6	Female	82.8	Normal	0.0491	Normal	
Holstein Cross	13	Male	290.2	Normal	0.0824	Normal	
Angus	14	Female	376.8	Normal	0.1373	Normal	
Local Zebu	15	Female	163.1	Normal	0.1383	Normal	
Holstein Cross	6	Male	151.5	Normal	0.0231	Normal	
Angus	11	Female	344.1	Normal	0.1212	Normal	
Local Zebu	16	Female	154.2	Normal	0.1041	Normal	
Holstein Cross	9	Female	194	Normal	0.1164	Normal	
Angus	16	Female	406.2	Normal	0.1156	Normal	
Local Zebu	7	Female	94	Normal	0.1047	Normal	
Holstein Cross	15	Female	357.5	Normal	0.0518	Normal	
Angus	6	Female	240.8	Normal	0.0654	Normal	
Local Zebu	10	Female	128.5	Normal	0.1484	Normal	
Holstein Cross	11	Female	207	Normal	0.0747	Normal	
Angus	12	Male	329.3	Normal	0.0582	Normal	
Local Zebu	6	Female	86.1	Normal	0.0733	Normal	
Holstein Cross	17	Female	348.2	Normal	0.1034	Normal	
Angus	18	Male	463.4	Normal	0.0035	Normal	
Local Zebu	10	Female	117.6	Normal	0.1408	Normal	
Holstein Cross	15	Male	335.4	Normal	0.0712	Normal	
Angus	11	Female	349.1	Normal	0.1159	Normal	
Local Zebu	11	Female	135	Normal	0.1474	Normal	
Holstein Cross	8	Male	208.6	Normal	0.0705	Normal	
Angus	16	Female	529.8	Overweight	-0.0269	Flagged - Possible Pregnancy or Overweight	
Local Zebu	8	Female	104.3	Normal	0.1241	Normal	
Holstein Cross	9	Female	235.9	Normal	0.1008	Normal	
Angus	18	Female	401.2	Normal	0.042	Normal	
Local Zebu	8	Female	111.9	Normal	0.1278	Normal	
Holstein Cross	8	Male	228.6	Normal	0.0385	Normal	
Angus	14	Female	358.5	Normal	0.1117	Normal	
Local Zebu	13	Female	163.1	Normal	0.112	Normal	
Holstein Cross	13	Female	277.1	Normal	0.1431	Normal	
Angus	17	Male	550.3	Normal	-0.0052	Flagged - Unusual, Needs Review	
Local Zebu	8	Male	113.5	Normal	0.0734	Normal	
Holstein Cross	18	Female	344.8	Normal	0.0713	Normal	
Angus	17	Female	431.5	Normal	0.1067	Normal	
Local Zebu	17	Male	143.4	Underweight	-0.0166	Flagged - Potential Sickness	
Holstein Cross	12	Male	290.9	Normal	0.0903	Normal	
Angus	11	Female	369.3	Normal	0.0811	Normal	
Local Zebu	16	Female	173.3	Normal	0.1215	Normal	
Holstein Cross	15	Female	340.6	Normal	0.0863	Normal	
Angus	14	Female	235.4	Underweight	-0.0041	Flagged - Potential Sickness	
Local Zebu	15	Female	145.3	Normal	0.1091	Normal	
Holstein Cross	13	Female	284.7	Normal	0.1367	Normal	
Angus	15	Male	461.4	Normal	0.0733	Normal	
Local Zebu	11	Female	125.4	Normal	0.1458	Normal	
Holstein Cross	8	Male	195.2	Normal	0.0709	Normal	
Angus	13	Female	385.9	Normal	0.125	Normal	
Local Zebu	8	Male	113.8	Normal	0.0701	Normal	
Holstein Cross	9	Female	216	Normal	0.1356	Normal	
Angus	13	Female	330.8	Normal	0.0975	Normal	
Local Zebu	8	Male	106.6	Normal	0.0686	Normal	
Holstein Cross	13	Female	272.4	Normal	0.1381	Normal	
Angus	14	Male	392.8	Normal	0.0742	Normal	
Local Zebu	10	Male	137.5	Normal	0.0784	Normal	
Holstein Cross	8	Female	246.6	Overweight	0.0264	Normal	
Angus	16	Female	457.9	Normal	0.0701	Normal	
Local Zebu	15	Female	153	Normal	0.1328	Normal	
Holstein Cross	6	Female	153.4	Normal	0.0625	Normal	
Angus	7	Female	256.2	Normal	0.1057	Normal	
Local Zebu	14	Female	141.6	Normal	0.1238	Normal	
Holstein Cross	15	Female	297.8	Normal	0.1149	Normal	
Angus	14	Female	443.2	Normal	0.0551	Normal	
Local Zebu	10	Male	140.3	Normal	0.0703	Normal	
Holstein Cross	11	Female	264.5	Normal	0.1218	Normal	
Angus	11	Female	317.5	Normal	0.1324	Normal	
Local Zebu	15	Female	170.3	Normal	0.1286	Normal	
Holstein Cross	9	Female	137.5	Underweight	-0.0231	Flagged - Potential Sickness	
Angus	17	Female	433.1	Normal	0.1069	Normal	
Local Zebu	14	Female	153.9	Normal	0.145	Normal	
Holstein Cross	13	Female	250.4	Normal	0.0995	Normal	
Angus	12	Male	311.7	Normal	0.0289	Normal	
Local Zebu	16	Male	183.6	Normal	0.065	Normal	
Holstein Cross	17	Female	338.1	Normal	0.1062	Normal	
Angus	7	Male	261	Normal	0.0448	Normal	
Local Zebu	17	Female	171.7	Normal	0.1143	Normal	
Holstein Cross	12	Male	308.2	Normal	0.0649	Normal	
Angus	17	Female	414.2	Normal	0.0966	Normal	
Local Zebu	7	Female	120.6	Overweight	0.0402	Normal	
Holstein Cross	14	Female	278.5	Normal	0.1224	Normal	
Angus	7	Female	255.1	Normal	0.1094	Normal	
Local Zebu	11	Female	140.4	Normal	0.1343	Normal	
Holstein Cross	8	Male	198.5	Normal	0.0759	Normal	
Angus	12	Female	449.7	Overweight	-0.0161	Flagged - Possible Pregnancy or Overweight	
Local Zebu	15	Male	184.1	Normal	0.078	Normal	
Holstein Cross	16	Male	326.6	Normal	0.0359	Normal	
Angus	6	Male	216.6	Normal	0.0262	Normal	
Local Zebu	8	Female	112.1	Normal	0.1272	Normal	
Holstein Cross	17	Male	360.5	Normal	0.0391	Normal	
Angus	7	Female	235.1	Normal	0.1012	Normal	
Local Zebu	17	Female	183.5	Normal	0.0998	Normal	
Holstein Cross	11	Male	261.4	Normal	0.0913	Normal	
Angus	14	Female	341.6	Normal	0.0881	Normal	
Local Zebu	12	Female	138.9	Normal	0.147	Normal	
Holstein Cross	10	Male	253.8	Normal	0.0784	Normal	
Angus	13	Female	403.9	Normal	0.0966	Normal	
Local Zebu	11	Male	134.3	Normal	0.086	Normal	
Holstein Cross	6	Male	149.3	Normal	0.0179	Normal	
Angus	14	Female	394	Normal	0.1385	Normal	
Local Zebu	8	Male	107.5	Normal	0.0716	Normal	
Holstein Cross	17	Male	421.3	Normal	0.0206	Normal	
Angus	17	Female	450.2	Normal	0.0932	Normal	
Local Zebu	9	Female	107.4	Normal	0.1217	Normal	
Holstein Cross	16	Female	343.6	Normal	0.1111	Normal	
Angus	12	Male	412.7	Normal	0.0382	Normal	
Local Zebu	14	Female	161.4	Normal	0.1356	Normal	
Holstein Cross	13	Male	224.1	Underweight	0.0109	Normal	
Angus	13	Male	396.7	Normal	0.0947	Normal	
Local Zebu	9	Male	121.8	Normal	0.0833	Normal	
Holstein Cross	11	Female	228.9	Normal	0.1277	Normal	
Angus	12	Female	348.4	Normal	0.1392	Normal	
Local Zebu	11	Female	122.3	Normal	0.1383	Normal	
Holstein Cross	18	Female	361	Normal	0.0736	Normal	
Angus	7	Female	242.8	Normal	0.1105	Normal	
Local Zebu	15	Female	165.2	Normal	0.1385	Normal	
Holstein Cross	13	Female	286.6	Normal	0.136	Normal	
Angus	6	Female	228.8	Normal	0.0789	Normal	
Local Zebu	11	Female	129.1	Normal	0.1535	Normal	
Holstein Cross	16	Female	391.7	Normal	0.0211	Normal	
Angus	6	Male	220.5	Normal	0.0265	Normal	
Local Zebu	7	Male	102.6	Normal	0.0578	Normal	
Holstein Cross	6	Female	156.1	Normal	0.0682	Normal	
Angus	16	Male	438.7	Normal	0.0471	Normal	
Local Zebu	6	Female	92.7	Normal	0.0844	Normal	
Holstein Cross	17	Male	393.7	Normal	0.0487	Normal	
Angus	13	Male	392.8	Normal	0.0944	Normal	
Local Zebu	17	Female	190.7	Normal	0.0793	Normal	
Holstein Cross	16	Male	375.9	Normal	0.0606	Normal	
Angus	9	Female	298.6	Normal	0.1126	Normal	
Local Zebu	18	Female	169.4	Normal	0.0678	Normal	
Holstein Cross	6	Female	153.7	Normal	0.0634	Normal	
Angus	13	Female	306	Normal	0.0699	Normal	
Local Zebu	15	Female	161.6	Normal	0.1389	Normal	
Holstein Cross	18	Male	394.9	Normal	0.0239	Normal	
Angus	15	Male	451.3	Normal	0.0777	Normal	
Local Zebu	9	Female	106.7	Normal	0.1162	Normal	
Holstein Cross	16	Female	359.8	Normal	0.0843	Normal	
Angus	7	Female	244.5	Normal	0.1112	Normal	
Local Zebu	18	Female	184.6	Normal	0.0765	Normal	
Holstein Cross	18	Male	361.5	Normal	-0.002	Flagged - Potential Sickness	
Angus	10	Female	289.8	Normal	0.116	Normal	
Local Zebu	13	Male	156.5	Normal	0.0907	Normal	
Holstein Cross	17	Male	328.8	Normal	0.0158	Normal	
Angus	15	Female	453.5	Normal	0.0601	Normal	
Local Zebu	11	Female	139.5	Normal	0.1375	Normal	
Holstein Cross	10	Male	243.1	Normal	0.0911	Normal	
Angus	18	Male	487	Normal	0.0107	Normal	
Local Zebu	16	Female	122.2	Underweight	0.0138	Normal	
Holstein Cross	6	Female	141.4	Normal	0.0281	Normal	
Angus	8	Female	163.2	Underweight	-0.0152	Flagged - Potential Sickness	
Local Zebu	9	Female	114	Normal	0.1397	Normal	
Holstein Cross	11	Female	340.5	Overweight	-0.0123	Flagged - Unusual, Needs Review	
Angus	8	Female	253.8	Normal	0.1073	Normal	
Local Zebu	7	Female	101.8	Normal	0.1078	Normal	
Holstein Cross	15	Female	292.2	Normal	0.1068	Normal	
Angus	6	Female	242	Normal	0.0656	Normal	
Local Zebu	14	Male	172	Normal	0.0927	Normal	
Holstein Cross	9	Male	198.4	Normal	0.0498	Normal	
Angus	18	Female	470.2	Normal	0.0521	Normal	
Local Zebu	14	Female	162.2	Normal	0.1355	Normal	
Holstein Cross	7	Female	189.7	Normal	0.0883	Normal	
Angus	8	Female	260.2	Normal	0.11	Normal	
Local Zebu	16	Female	176.4	Normal	0.1114	Normal	
Holstein Cross	17	Female	387.7	Normal	0.0489	Normal	
Angus	14	Female	364.3	Normal	0.1228	Normal	
Local Zebu	9	Female	122	Normal	0.1365	Normal	
Holstein Cross	8	Female	194.4	Normal	0.1215	Normal	
Angus	10	Male	351.7	Normal	0.0581	Normal	
Local Zebu	9	Female	126.1	Normal	0.1251	Normal	
Holstein Cross	10	Female	260.7	Normal	0.083	Normal	
Angus	14	Female	394.2	Normal	0.1379	Normal	
Local Zebu	12	Female	146.8	Normal	0.1368	Normal	
Holstein Cross	17	Male	375.7	Normal	0.0462	Normal	
Angus	6	Male	221.3	Normal	0.0262	Normal	
Local Zebu	6	Female	83.2	Normal	0.0538	Normal	
Holstein Cross	10	Female	236.6	Normal	0.1372	Normal	
Angus	16	Male	475.7	Normal	0.0594	Normal	
Local Zebu	16	Female	193.2	Normal	0.0585	Normal	
Holstein Cross	15	Female	317.6	Normal	0.1225	Normal	
Angus	7	Female	247.4	Normal	0.1101	Normal	
Local Zebu	8	Female	72.5	Underweight	-0.0183	Flagged - Potential Sickness	
Holstein Cross	6	Female	181.4	Normal	0.0353	Normal	
Angus	9	Female	282.3	Normal	0.1181	Normal	
Local Zebu	7	Female	108.2	Normal	0.0868	Normal	
Holstein Cross	13	Female	189.6	Underweight	0.0042	Normal	
Angus	7	Female	246.8	Normal	0.1096	Normal	
Local Zebu	7	Male	69.4	Underweight	-0.0419	Flagged - Potential Sickness	
Holstein Cross	15	Female	397.9	Overweight	-0.0135	Flagged - Possible Pregnancy or Overweight	
Angus	11	Female	284	Normal	0.0899	Normal	
Local Zebu	16	Male	195	Normal	0.0577	Normal	
Holstein Cross	14	Male	317.3	Normal	0.0783	Normal	
Angus	10	Female	305.6	Normal	0.126	Normal	
Local Zebu	18	Female	192.8	Normal	0.0678	Normal	
Holstein Cross	15	Female	319.6	Normal	0.12	Normal	
Angus	15	Female	452	Normal	0.063	Normal	
Local Zebu	14	Female	164.2	Normal	0.1301	Normal	
Holstein Cross	6	Male	175.5	Normal	0.0205	Normal	
Angus	16	Female	475.7	Normal	0.0451	Normal	
Local Zebu	17	Female	180.7	Normal	0.107	Normal	
Holstein Cross	9	Female	231.9	Normal	0.1068	Normal	
Angus	16	Female	413.2	Normal	0.1179	Normal	
Local Zebu	9	Female	123.9	Normal	0.1306	Normal	
Holstein Cross	14	Female	281.5	Normal	0.1244	Normal	
Angus	7	Male	233.2	Normal	0.0422	Normal	
Local Zebu	12	Female	122.1	Normal	0.1084	Normal	
Holstein Cross	11	Female	254.6	Normal	0.1343	Normal	
Angus	7	Male	275.9	Normal	0.0238	Normal	
Local Zebu	9	Female	108.2	Normal	0.1244	Normal	
Holstein Cross	16	Male	382.7	Normal	0.056	Normal	
Angus	17	Male	422.5	Normal	0.0123	Normal	
Local Zebu	13	Female	145.9	Normal	0.1451	Normal	
Holstein Cross	13	Female	282.4	Normal	0.1396	Normal	
Angus	11	Female	334.6	Normal	0.131	Normal	
Local Zebu	16	Male	189.3	Normal	0.063	Normal	
Holstein Cross	10	Male	222.2	Normal	0.0721	Normal	
Angus	18	Male	594	Normal	-0.0449	Flagged - Unusual, Needs Review	
Local Zebu	8	Male	110.7	Normal	0.0727	Normal	
Holstein Cross	16	Female	333.5	Normal	0.119	Normal	
Angus	6	Male	222.3	Normal	0.0275	Normal	
Local Zebu	15	Male	238.7	Overweight	-0.0463	Flagged - Unusual, Needs Review	
Holstein Cross	13	Female	307.7	Normal	0.0967	Normal	
Angus	13	Female	345.8	Normal	0.1192	Normal	
Local Zebu	6	Male	91.3	Normal	0.0381	Normal	
Holstein Cross	8	Female	186.2	Normal	0.1184	Normal	
Angus	8	Male	240.2	Normal	0.0252	Normal	
Local Zebu	13	Female	146.6	Normal	0.144	Normal	
Holstein Cross	11	Female	246.2	Normal	0.1389	Normal	
Angus	13	Male	363	Normal	0.0721	Normal	
Local Zebu	16	Female	153.2	Normal	0.1035	Normal	
Holstein Cross	11	Female	241.9	Normal	0.1378	Normal	
Angus	12	Female	358.6	Normal	0.13	Normal	
Local Zebu	11	Male	97.7	Underweight	-0.0107	Flagged - Potential Sickness	
Holstein Cross	16	Female	348.4	Normal	0.1028	Normal	
Angus	9	Female	315	Normal	0.092	Normal	
Local Zebu	16	Male	131.8	Underweight	-0.0213	Flagged - Potential Sickness	
Holstein Cross	14	Female	301.9	Normal	0.1254	Normal	
Angus	7	Male	285.7	Normal	0.0098	Normal	
Local Zebu	15	Female	157.2	Normal	0.1355	Normal	
Holstein Cross	18	Female	357.9	Normal	0.0772	Normal	
Angus	10	Male	338	Normal	0.0766	Normal	
Local Zebu	15	Male	194.1	Normal	0.0527	Normal	
Holstein Cross	9	Female	196.3	Normal	0.1215	Normal	
Angus	9	Female	278	Normal	0.1158	Normal	
Local Zebu	14	Female	150.7	Normal	0.1441	Normal	
Holstein Cross	17	Male	419	Normal	0.0208	Normal	
Angus	15	Female	431.5	Normal	0.1039	Normal	
Local Zebu	9	Female	116	Normal	0.1439	Normal	
Holstein Cross	15	Female	323.6	Normal	0.1159	Normal	
Angus	12	Female	374.4	Normal	0.1141	Normal	
Local Zebu	18	Female	120.4	Underweight	-0.0229	Flagged - Potential Sickness	
Holstein Cross	14	Male	332.6	Normal	0.0776	Normal	
Angus	7	Male	234.8	Normal	0.0444	Normal	
Local Zebu	17	Female	184.2	Normal	0.1001	Normal	
Holstein Cross	15	Female	284.3	Normal	0.0974	Normal	
Angus	14	Male	457.8	Normal	0.0611	Normal	
Local Zebu	12	Female	84.1	Underweight	-0.024	Flagged - Potential Sickness	
Holstein Cross	18	Female	348.4	Normal	0.0751	Normal	
Angus	10	Female	307.8	Normal	0.1264	Normal	
Local Zebu	15	Female	178.2	Normal	0.1	Normal	
Holstein Cross	17	Female	333.1	Normal	0.101	Normal	
Angus	15	Female	286.2	Underweight	0.014	Normal	
Local Zebu	7	Male	97.1	Normal	0.056	Normal	
Holstein Cross	10	Female	205.4	Normal	0.1096	Normal	
Angus	14	Male	388	Normal	0.0714	Normal	
Local Zebu	7	Female	101.5	Normal	0.1094	Normal	
Holstein Cross	11	Female	242.6	Normal	0.1394	Normal	
Angus	7	Male	226.8	Normal	0.0364	Normal	
Local Zebu	16	Female	187.4	Normal	0.0753	Normal	
Holstein Cross	12	Female	206.4	Underweight	0.052	Normal	
Angus	6	Female	231.7	Normal	0.0776	Normal	
Local Zebu	14	Female	153.6	Normal	0.1463	Normal	
Holstein Cross	11	Female	274.7	Normal	0.1002	Normal	
Angus	7	Female	253.8	Normal	0.1104	Normal	
Local Zebu	11	Female	135.6	Normal	0.144	Normal	
Holstein Cross	16	Female	330.3	Normal	0.1194	Normal	
Angus	15	Male	282.4	Underweight	-0.0253	Flagged - Potential Sickness	
Local Zebu	12	Female	139.1	Normal	0.1469	Normal	
Holstein Cross	17	Female	353.3	Normal	0.0985	Normal	
Angus	17	Female	551.9	Overweight	-0.037	Flagged - Possible Pregnancy or Overweight	
Local Zebu	10	Female	114.6	Normal	0.13	Normal	
Holstein Cross	12	Female	239.1	Normal	0.1117	Normal	
Angus	9	Female	267.6	Normal	0.1006	Normal	
Local Zebu	12	Male	160.8	Normal	0.0772	Normal	
Holstein Cross	16	Female	340.7	Normal	0.1116	Normal	
Angus	17	Male	456.4	Normal	0.0349	Normal	
Local Zebu	17	Male	181.6	Normal	0.0372	Normal	
Holstein Cross	10	Female	212.8	Normal	0.1247	Normal	
Angus	13	Female	354.5	Normal	0.1325	Normal	
Local Zebu	8	Male	120	Normal	0.0517	Normal	
Holstein Cross	15	Male	237.8	Underweight	-0.0063	Flagged - Potential Sickness	
Angus	13	Female	376.5	Normal	0.1331	Normal	
Local Zebu	10	Female	126	Normal	0.151	Normal	
Holstein Cross	6	Male	154.8	Normal	0.0303	Normal	
Angus	12	Female	322.2	Normal	0.1131	Normal	
Local Zebu	16	Female	168.8	Normal	0.1272	Normal	
Holstein Cross	13	Female	271.4	Normal	0.1381	Normal	
Angus	8	Female	279	Normal	0.1101	Normal	
Local Zebu	12	Male	158.7	Normal	0.0837	Normal	
Holstein Cross	17	Male	442.5	Normal	-0.0122	Flagged - Unusual, Needs Review	
Angus	10	Female	317.9	Normal	0.1227	Normal	
Local Zebu	7	Male	87	Normal	0.0084	Normal	
Holstein Cross	8	Male	211.9	Normal	0.067	Normal	
Angus	18	Male	555.9	Normal	-0.0066	Flagged - Unusual, Needs Review	
Local Zebu	10	Female	128.2	Normal	0.1477	Normal	
Holstein Cross	6	Female	166.4	Normal	0.0635	Normal	
Angus	7	Female	160.3	Underweight	-0.0208	Flagged - Potential Sickness	
Local Zebu	16	Female	167.3	Normal	0.1263	Normal	
Holstein Cross	14	Female	271.3	Normal	0.109	Normal	
Angus	13	Male	421.7	Normal	0.0716	Normal	
Local Zebu	6	Female	97.9	Normal	0.0657	Normal	
Holstein Cross	10	Female	247.4	Normal	0.1179	Normal	
Angus	10	Female	341.6	Normal	0.0832	Normal	
Local Zebu	9	Female	124.3	Normal	0.1307	Normal	
Holstein Cross	8	Male	184	Normal	0.0504	Normal	
Angus	8	Female	230.8	Normal	0.0675	Normal	
Local Zebu	11	Female	121	Normal	0.132	Normal	
Holstein Cross	9	Female	191.6	Normal	0.1101	Normal	
Angus	8	Female	260.9	Normal	0.1107	Normal	
Local Zebu	11	Female	134.8	Normal	0.1473	Normal	
Holstein Cross	11	Male	244.1	Normal	0.0779	Normal	
Angus	16	Male	475.8	Normal	0.0594	Normal	
Local Zebu	13	Female	152.3	Normal	0.1421	Normal	
Holstein Cross	15	Female	323.1	Normal	0.1167	Normal	
Angus	12	Female	294.7	Normal	0.082	Normal	
Local Zebu	13	Female	121.7	Normal	0.0806	Normal	
Holstein Cross	18	Female	365.2	Normal	0.0741	Normal	
Angus	9	Female	313.7	Normal	0.0925	Normal	
Local Zebu	9	Female	107.2	Normal	0.1205	Normal	
Holstein Cross	16	Female	391.1	Normal	0.0252	Normal	
Angus	15	Male	371.2	Normal	0.0279	Normal	
Local Zebu	6	Female	87.8	Normal	0.0819	Normal	
Holstein Cross	10	Male	240.2	Normal	0.0895	Normal	
Angus	9	Male	369.8	Overweight	-0.0043	Flagged - Unusual, Needs Review	
Local Zebu	11	Female	150.3	Normal	0.0973	Normal	
Holstein Cross	10	Female	238.4	Normal	0.1369	Normal	
Angus	10	Male	335.5	Normal	0.0805	Normal	
Local Zebu	15	Female	178.3	Normal	0.0977	Normal	
Holstein Cross	9	Female	237.6	Normal	0.0917	Normal	
Angus	8	Male	262.8	Normal	0.0534	Normal	
Local Zebu	9	Male	111	Normal	0.0705	Normal	
Holstein Cross	8	Female	206.4	Normal	0.1134	Normal	
Angus	17	Male	471	Normal	0.0452	Normal	
Local Zebu	11	Male	144.3	Normal	0.0897	Normal	
Holstein Cross	7	Male	204.2	Normal	0.0254	Normal	
Angus	15	Female	422.5	Normal	0.1174	Normal	
Local Zebu	15	Female	219.1	Overweight	-0.026	Flagged - Possible Pregnancy or Overweight	
Holstein Cross	11	Female	272.2	Normal	0.1056	Normal	
Angus	10	Male	338.3	Normal	0.0756	Normal	
Local Zebu	8	Female	103.2	Normal	0.1231	Normal	
Holstein Cross	7	Female	222.1	Overweight	0.0197	Normal	
Angus	16	Male	593.3	Overweight	-0.0505	Flagged - Unusual, Needs Review	
Local Zebu	15	Female	158.9	Normal	0.1382	Normal	
Holstein Cross	12	Female	235.6	Normal	0.1045	Normal	
Angus	7	Female	249	Normal	0.1117	Normal	
Local Zebu	13	Female	134.7	Normal	0.1244	Normal	
Holstein Cross	16	Female	322.6	Normal	0.1182	Normal	
Angus	17	Female	412.1	Normal	0.0931	Normal	
Local Zebu	13	Male	164.4	Normal	0.0914	Normal	
Holstein Cross	7	Female	176.5	Normal	0.095	Normal	
Angus	15	Male	458.2	Normal	0.0763	Normal	
Local Zebu	18	Female	236	Overweight	-0.0281	Flagged - Possible Pregnancy or Overweight	
Holstein Cross	6	Female	139.5	Normal	0.0226	Normal	
Angus	16	Female	427.8	Normal	0.1157	Normal	
Local Zebu	13	Female	109.4	Underweight	0.0332	Normal	
Holstein Cross	15	Female	306.2	Normal	0.1174	Normal	
Angus	14	Male	414.6	Normal	0.0916	Normal	
Local Zebu	11	Male	123.1	Normal	0.0495	Normal	
Holstein Cross	12	Male	251.8	Normal	0.0635	Normal	
Angus	13	Female	456.2	Overweight	0.0036	Normal	
Local Zebu	13	Female	150.2	Normal	0.1425	Normal	
Holstein Cross	6	Male	164.4	Normal	0.0377	Normal	
Angus	9	Male	299	Normal	0.0706	Normal	
Local Zebu	7	Female	94	Normal	0.1047	Normal	
Holstein Cross	15	Female	309.6	Normal	0.1167	Normal	
Angus	7	Female	240.1	Normal	0.1064	Normal	
Local Zebu	8	Female	99.8	Normal	0.1085	Normal	
Holstein Cross	17	Female	402.1	Normal	0.02	Normal	
Angus	17	Female	467.1	Normal	0.0695	Normal	
Local Zebu	7	Female	95.8	Normal	0.1092	Normal	
Holstein Cross	8	Female	185.7	Normal	0.1174	Normal	
Angus	8	Female	262	Normal	0.1135	Normal	
Local Zebu	14	Female	135.7	Normal	0.1004	Normal	
Holstein Cross	15	Female	309.5	Normal	0.1167	Normal	
Angus	7	Female	280.7	Normal	0.0584	Normal	
Local Zebu	12	Male	152.5	Normal	0.0944	Normal	
Holstein Cross	17	Male	434.8	Normal	-0.0017	Flagged - Unusual, Needs Review	
Angus	12	Female	370.7	Normal	0.118	Normal	
Local Zebu	6	Female	89.7	Normal	0.0863	Normal	
Holstein Cross	9	Female	193.6	Normal	0.1162	Normal	
Angus	14	Female	413.6	Normal	0.1128	Normal	
Local Zebu	8	Male	109.8	Normal	0.0738	Normal	
Holstein Cross	13	Female	277.7	Normal	0.1425	Normal	
Angus	12	Male	342.3	Normal	0.0723	Normal	
Local Zebu	15	Female	164.4	Normal	0.1402	Normal	
Holstein Cross	10	Female	230.7	Normal	0.1421	Normal	
Angus	10	Male	317.7	Normal	0.084	Normal	
Local Zebu	13	Female	129.8	Normal	0.1088	Normal	
Holstein Cross	8	Male	195.3	Normal	0.0709	Normal	
Angus	8	Female	287.8	Normal	0.096	Normal	
Local Zebu	8	Female	111.9	Normal	0.1278	Normal	
Holstein Cross	18	Male	307.7	Underweight	-0.0342	Flagged - Potential Sickness	
Angus	7	Female	255.2	Normal	0.1094	Normal	
Local Zebu	14	Male	196	Normal	0.0311	Normal	
Holstein Cross	10	Female	229.7	Normal	0.1422	Normal	
Angus	18	Male	513.4	Normal	0.0217	Normal	
Local Zebu	9	Male	117.5	Normal	0.0871	Normal	
Holstein Cross	7	Male	161	Normal	0.0221	Normal	
Angus	17	Female	568.7	Overweight	-0.0547	Flagged - Possible Pregnancy or Overweight	
Local Zebu	11	Female	131.6	Normal	0.1528	Normal	
Holstein Cross	14	Female	298.8	Normal	0.1293	Normal	
Angus	14	Female	341.1	Normal	0.0881	Normal	
Local Zebu	8	Female	107.2	Normal	0.1293	Normal	
Holstein Cross	12	Male	282.9	Normal	0.0919	Normal	
Angus	8	Female	265.5	Normal	0.1152	Normal	
Local Zebu	16	Male	133.4	Underweight	-0.02	Flagged - Potential Sickness	
Holstein Cross	14	Female	300.3	Normal	0.1276	Normal	
Angus	12	Female	361.5	Normal	0.1301	Normal	
Local Zebu	16	Female	164.2	Normal	0.122	Normal	
Holstein Cross	16	Male	323.5	Normal	0.0299	Normal	
Angus	10	Male	366.4	Normal	0.0299	Normal	
Local Zebu	9	Male	105.5	Normal	0.0411	Normal	
Holstein Cross	11	Female	234.7	Normal	0.1392	Normal	
Angus	12	Female	301.6	Normal	0.0876	Normal	
Local Zebu	7	Female	96.1	Normal	0.1088	Normal	
Holstein Cross	15	Female	311.3	Normal	0.1206	Normal	
Angus	10	Male	317.9	Normal	0.084	Normal	
Local Zebu	11	Female	126.8	Normal	0.1499	Normal	
Holstein Cross	14	Female	291.5	Normal	0.1295	Normal	
Angus	14	Female	373.7	Normal	0.1342	Normal	
Local Zebu	7	Male	125	Overweight	-0.0079	Flagged - Unusual, Needs Review	
Holstein Cross	8	Female	187.1	Normal	0.1197	Normal	
Angus	14	Male	556	Overweight	-0.0525	Flagged - Unusual, Needs Review	
Local Zebu	18	Male	220.1	Normal	0	Normal	
Holstein Cross	16	Female	336.1	Normal	0.1159	Normal	
Angus	11	Male	341.6	Normal	0.0908	Normal	
Local Zebu	7	Female	91	Normal	0.0837	Normal	
Holstein Cross	14	Female	301	Normal	0.1279	Normal	
Angus	15	Female	406.2	Normal	0.1302	Normal	
Local Zebu	13	Female	144.9	Normal	0.1458	Normal	
Holstein Cross	18	Male	435.5	Normal	0.0023	Normal	
Angus	17	Male	463.7	Normal	0.0401	Normal	
Local Zebu	14	Female	123.1	Underweight	0.0646	Normal	
Holstein Cross	17	Female	363.5	Normal	0.0878	Normal	
Angus	15	Male	437.8	Normal	0.0817	Normal	
Local Zebu	18	Male	195.8	Normal	0.0163	Normal	
Holstein Cross	8	Female	176.3	Normal	0.0851	Normal	
Angus	15	Female	393.9	Normal	0.1287	Normal	
Local Zebu	10	Female	129.6	Normal	0.1449	Normal	
Holstein Cross	16	Female	327.3	Normal	0.121	Normal	
Angus	15	Female	451.8	Normal	0.0634	Normal	
Local Zebu	6	Female	82.4	Normal	0.0464	Normal	
Holstein Cross	12	Male	277.3	Normal	0.0917	Normal	
Angus	6	Male	235.2	Normal	0.0236	Normal	
Local Zebu	17	Female	173.3	Normal	0.1152	Normal	
Holstein Cross	10	Female	209.1	Normal	0.1166	Normal	
Angus	15	Female	433.3	Normal	0.1027	Normal	
Local Zebu	10	Male	125.2	Normal	0.0885	Normal	
Holstein Cross	18	Male	422.3	Normal	0.0118	Normal	
Angus	13	Female	394.5	Normal	0.1154	Normal	
Local Zebu	7	Female	102.5	Normal	0.1076	Normal	
Holstein Cross	18	Female	371.2	Normal	0.0663	Normal	
Angus	18	Female	408.1	Normal	0.046	Normal	
Local Zebu	6	Female	85.6	Normal	0.0715	Normal	
Holstein Cross	7	Male	220.2	Overweight	0.0026	Normal	
Angus	17	Female	426	Normal	0.1054	Normal	
Local Zebu	12	Female	185.7	Overweight	-0.0019	Flagged - Possible Pregnancy or Overweight	
Holstein Cross	12	Female	267.2	Normal	0.1415	Normal	
Angus	9	Male	278.5	Normal	0.0548	Normal	
Local Zebu	12	Male	157.1	Normal	0.0879	Normal	
Holstein Cross	11	Female	249.6	Normal	0.1409	Normal	
Angus	13	Female	277.6	Underweight	0.0384	Normal	
Local Zebu	17	Female	169.1	Normal	0.114	Normal	
Holstein Cross	6	Male	169.7	Normal	0.0318	Normal	
Angus	9	Male	296.2	Normal	0.0698	Normal	
Local Zebu	11	Male	192.8	Overweight	-0.0216	Flagged - Unusual, Needs Review	
Holstein Cross	8	Female	159.6	Normal	0.0391	Normal	
Angus	9	Female	279.4	Normal	0.1165	Normal	
Local Zebu	12	Female	144.2	Normal	0.1413	Normal	
Holstein Cross	18	Female	363.1	Normal	0.0742	Normal	
Angus	17	Male	450.9	Normal	0.0327	Normal	
Local Zebu	17	Female	154.5	Normal	0.073	Normal	
Holstein Cross	13	Female	279.9	Normal	0.138	Normal	
Angus	6	Female	213.8	Normal	0.0744	Normal	
Local Zebu	15	Female	156.4	Normal	0.1352	Normal	
Holstein Cross	11	Male	235.9	Normal	0.0642	Normal	
Angus	7	Male	258.5	Normal	0.0492	Normal	
Local Zebu	11	Female	128.4	Normal	0.1531	Normal	
Holstein Cross	7	Male	179.2	Normal	0.0595	Normal	
Angus	15	Female	394.6	Normal	0.1291	Normal	
Local Zebu	8	Female	98.5	Normal	0.1032	Normal	
Holstein Cross	14	Male	340.2	Normal	0.0709	Normal	
Angus	9	Female	250.2	Normal	0.0759	Normal	
Local Zebu	8	Female	141.6	Overweight	0.0173	Normal	
Holstein Cross	9	Female	208	Normal	0.1362	Normal	
Angus	9	Male	311.4	Normal	0.0646	Normal	
Local Zebu	8	Female	107.9	Normal	0.1303	Normal	
Holstein Cross	11	Female	256.1	Normal	0.1339	Normal	
Angus	10	Male	331	Normal	0.0844	Normal	
Local Zebu	13	Female	163.2	Normal	0.1118	Normal	
Holstein Cross	11	Male	234.8	Normal	0.0621	Normal	
Angus	12	Female	347.4	Normal	0.1377	Normal	
Local Zebu	6	Male	96.5	Normal	0.0262	Normal	
Holstein Cross	6	Male	103	Underweight	-0.0738	Flagged - Potential Sickness	
Angus	17	Female	477.8	Normal	0.0571	Normal	
Local Zebu	16	Female	173.1	Normal	0.1218	Normal	
Holstein Cross	8	Female	188.5	Normal	0.1204	Normal	
Angus	11	Female	229.9	Underweight	0.022	Normal	
Local Zebu	10	Male	131.6	Normal	0.0897	Normal	
Holstein Cross	12	Female	294	Normal	0.0898	Normal	
Angus	7	Female	254.5	Normal	0.1092	Normal	
Local Zebu	9	Female	107.3	Normal	0.1212	Normal	
Holstein Cross	6	Female	110.7	Underweight	-0.0418	Flagged - Potential Sickness	
Angus	7	Female	322.4	Overweight	-0.0033	Flagged - Unusual, Needs Review	
Local Zebu	18	Female	166.9	Normal	0.0628	Normal	
Holstein Cross	7	Female	184.2	Normal	0.0943	Normal	
Angus	16	Female	436.7	Normal	0.1077	Normal	
Local Zebu	13	Female	143.4	Normal	0.1447	Normal	
Holstein Cross	17	Female	376.8	Normal	0.0689	Normal	
Angus	6	Female	217.4	Normal	0.0763	Normal	
Local Zebu	6	Male	85.5	Normal	0.0281	Normal	
Holstein Cross	10	Male	225.5	Normal	0.0776	Normal	
Angus	17	Male	587.9	Normal	-0.0408	Flagged - Unusual, Needs Review	
Local Zebu	6	Male	94.3	Normal	0.0345	Normal	
Holstein Cross	13	Male	302.5	Normal	0.0817	Normal	
Angus	8	Male	259.4	Normal	0.05	Normal	
Local Zebu	9	Female	100.3	Normal	0.0837	Normal	
Holstein Cross	12	Male	304.3	Normal	0.0683	Normal	
Angus	8	Female	256.5	Normal	0.1074	Normal	
Local Zebu	15	Female	162.5	Normal	0.1387	Normal	
Holstein Cross	6	Female	174.6	Normal	0.0476	Normal	
Angus	9	Female	291.7	Normal	0.118	Normal	
Local Zebu	17	Female	169.7	Normal	0.1149	Normal	
Holstein Cross	16	Male	338.8	Normal	0.0523	Normal	
Angus	8	Female	200.5	Underweight	0.0181	Normal	
Local Zebu	6	Female	90.3	Normal	0.0879	Normal	
Holstein Cross	14	Male	283.2	Normal	0.0438	Normal	
Angus	14	Male	415.1	Normal	0.092	Normal	
Local Zebu	12	Female	161.3	Normal	0.0871	Normal	
Holstein Cross	13	Female	282.8	Normal	0.1397	Normal	
Angus	7	Female	291.2	Normal	0.0429	Normal	
Local Zebu	8	Female	119.9	Normal	0.0966	Normal	
Holstein Cross	12	Male	289	Normal	0.0929	Normal	
Angus	12	Female	327	Normal	0.1212	Normal	
Local Zebu	15	Female	160.4	Normal	0.1401	Normal	
Holstein Cross	10	Male	223.9	Normal	0.0756	Normal	
Angus	13	Male	439.2	Normal	0.0395	Normal	
Local Zebu	11	Female	130.3	Normal	0.1525	Normal	
Holstein Cross	9	Female	196.2	Normal	0.1209	Normal	
Angus	8	Female	234	Normal	0.0724	Normal	
Local Zebu	10	Male	126	Normal	0.0901	Normal	
Holstein Cross	10	Female	213.4	Normal	0.1266	Normal	
Angus	8	Female	234.9	Normal	0.0758	Normal	
Local Zebu	6	Female	86.2	Normal	0.0762	Normal	
Holstein Cross	6	Female	162.4	Normal	0.0666	Normal	
Angus	12	Female	354.9	Normal	0.1355	Normal	
Local Zebu	15	Female	144.2	Normal	0.1065	Normal	
Holstein Cross	8	Female	195.8	Normal	0.122	Normal	
Angus	18	Female	449.7	Normal	0.0709	Normal	
Local Zebu	17	Male	211.6	Normal	0.0239	Normal	
Holstein Cross	7	Male	176.3	Normal	0.0565	Normal	
Angus	18	Female	406.1	Normal	0.0452	Normal	
Local Zebu	6	Female	93.3	Normal	0.0828	Normal	
Holstein Cross	6	Male	111.4	Underweight	-0.0648	Flagged - Potential Sickness	
Angus	15	Male	406.2	Normal	0.0569	Normal	
Local Zebu	14	Female	141.9	Normal	0.1255	Normal	
Holstein Cross	6	Male	156	Normal	0.0341	Normal	
Angus	9	Female	283.3	Normal	0.1184	Normal	
Local Zebu	13	Male	153.2	Normal	0.091	Normal	
Holstein Cross	13	Female	277.7	Normal	0.1425	Normal	
Angus	17	Female	448.8	Normal	0.0953	Normal	
Local Zebu	6	Female	88.9	Normal	0.0842	Normal	
Holstein Cross	15	Female	322.8	Normal	0.1166	Normal	
Angus	12	Female	356.2	Normal	0.1365	Normal	
Local Zebu	16	Female	175.6	Normal	0.1127	Normal	
Holstein Cross	8	Female	171.5	Normal	0.0712	Normal	
Angus	7	Female	182.5	Underweight	0.0028	Normal	
Local Zebu	11	Female	135.5	Normal	0.1442	Normal	
Holstein Cross	9	Male	225.8	Normal	0.0891	Normal	
Angus	15	Female	352.8	Normal	0.0854	Normal	
Local Zebu	10	Female	116.7	Normal	0.139	Normal	
Holstein Cross	11	Female	168.1	Underweight	0.0029	Normal	
Angus	17	Male	444.4	Normal	0.0302	Normal	
Local Zebu	6	Female	85.6	Normal	0.0715	Normal	
Holstein Cross	6	Female	153.5	Normal	0.0625	Normal	
Angus	7	Female	244	Normal	0.1121	Normal	
Local Zebu	18	Male	202.5	Normal	0.0196	Normal	
Holstein Cross	10	Male	249	Normal	0.0891	Normal	
Angus	13	Male	357.5	Normal	0.0682	Normal	
Local Zebu	10	Female	121.9	Normal	0.1492	Normal	
Holstein Cross	16	Female	337.6	Normal	0.1144	Normal	
Angus	11	Female	291.2	Normal	0.0977	Normal	
Local Zebu	11	Male	194.6	Overweight	-0.0299	Flagged - Unusual, Needs Review	
Holstein Cross	7	Female	184.4	Normal	0.0953	Normal	
Angus	10	Female	299.6	Normal	0.1251	Normal	
Local Zebu	10	Female	111.5	Normal	0.1121	Normal	
Holstein Cross	10	Male	250.7	Normal	0.0845	Normal	
Angus	7	Male	261.5	Normal	0.0434	Normal	
Local Zebu	7	Male	103.7	Normal	0.0544	Normal	
Holstein Cross	11	Male	269	Normal	0.0897	Normal	
Angus	7	Female	239.9	Normal	0.1062	Normal	
Local Zebu	9	Female	155.2	Overweight	0.0144	Normal	
Holstein Cross	6	Female	131.2	Normal	-0.0048	Flagged - Potential Sickness	
Angus	7	Female	233.5	Normal	0.094	Normal	
Local Zebu	18	Female	128.8	Underweight	-0.0069	Flagged - Potential Sickness	
Holstein Cross	11	Female	244	Normal	0.1396	Normal	
Angus	14	Female	373.2	Normal	0.1339	Normal	
Local Zebu	14	Female	153.9	Normal	0.145	Normal	
Holstein Cross	15	Female	300.1	Normal	0.1155	Normal	
Angus	12	Female	227	Underweight	0.0046	Normal	
Local Zebu	11	Male	131.2	Normal	0.0824	Normal	
Holstein Cross	9	Female	224.1	Normal	0.13	Normal	
Angus	6	Male	245.1	Normal	0.0103	Normal	
Local Zebu	11	Male	146.3	Normal	0.0859	Normal	
Holstein Cross	15	Female	314.3	Normal	0.121	Normal	
Angus	11	Male	349.4	Normal	0.0891	Normal	
Local Zebu	10	Female	131.1	Normal	0.1394	Normal	
Holstein Cross	15	Female	317	Normal	0.124	Normal	
Angus	11	Female	290.2	Normal	0.0977	Normal	
Local Zebu	18	Male	215.5	Normal	0.0069	Normal	
Holstein Cross	6	Male	152.6	Normal	0.0258	Normal	
Angus	17	Male	488.3	Normal	0.0536	Normal	
Local Zebu	10	Male	129.9	Normal	0.0933	Normal	
Holstein Cross	13	Male	300	Normal	0.0836	Normal	
Angus	16	Female	430.6	Normal	0.1143	Normal	
Local Zebu	9	Female	131.3	Normal	0.0985	Normal	
Holstein Cross	9	Male	207.3	Normal	0.0716	Normal	
Angus	11	Female	352.6	Normal	0.1117	Normal	
Local Zebu	8	Female	151	Overweight	-0.0039	Flagged - Unusual, Needs Review	
Holstein Cross	9	Male	195.9	Normal	0.0436	Normal	
Angus	16	Female	413.9	Normal	0.1187	Normal	
Local Zebu	9	Male	127.8	Normal	0.0727	Normal	
Holstein Cross	12	Male	261.9	Normal	0.077	Normal	
Angus	11	Female	336.9	Normal	0.1282	Normal	
Local Zebu	14	Female	159.8	Normal	0.1379	Normal	
Holstein Cross	18	Female	341.6	Normal	0.0647	Normal	
Angus	13	Female	381.2	Normal	0.1293	Normal	
Local Zebu	6	Female	83.4	Normal	0.056	Normal	
Holstein Cross	6	Male	175.9	Normal	0.0192	Normal	
Angus	7	Female	242.5	Normal	0.1104	Normal	
Local Zebu	12	Male	144.5	Normal	0.0915	Normal	
Holstein Cross	10	Female	143.4	Underweight	-0.0228	Flagged - Potential Sickness	
Angus	8	Female	264.4	Normal	0.116	Normal	
Local Zebu	6	Female	90.5	Normal	0.0861	Normal	
Holstein Cross	16	Female	398	Normal	0.01	Normal	
Angus	6	Male	221.9	Normal	0.0266	Normal	
Local Zebu	10	Male	79.9	Underweight	-0.0399	Flagged - Potential Sickness	
Holstein Cross	18	Female	379.3	Normal	0.0561	Normal	
Angus	16	Female	412.6	Normal	0.1176	Normal	
Local Zebu	9	Female	121.8	Normal	0.1383	Normal	
Holstein Cross	13	Male	314.1	Normal	0.0797	Normal	
Angus	17	Male	482.9	Normal	0.0491	Normal	
Local Zebu	15	Female	145.7	Normal	0.1094	Normal	
Holstein Cross	17	Female	376.6	Normal	0.0691	Normal	
Angus	16	Male	466.9	Normal	0.065	Normal	
Local Zebu	6	Female	92.6	Normal	0.0845	Normal	
Holstein Cross	9	Female	214.8	Normal	0.1361	Normal	
Angus	11	Female	330.2	Normal	0.1329	Normal	
Local Zebu	14	Male	163.4	Normal	0.093	Normal	
Holstein Cross	17	Female	358.9	Normal	0.0929	Normal	
Angus	13	Male	414.2	Normal	0.0794	Normal	
Local Zebu	14	Female	168.4	Normal	0.1187	Normal	
Holstein Cross	14	Female	316.3	Normal	0.1065	Normal	
Angus	18	Male	461.1	Normal	0.0026	Normal	
Local Zebu	7	Female	95.5	Normal	0.1094	Normal	
Holstein Cross	18	Male	411	Normal	0.017	Normal	
Angus	14	Female	380.2	Normal	0.1376	Normal	
Local Zebu	13	Female	127.6	Normal	0.1039	Normal	
Holstein Cross	18	Female	374.9	Normal	0.06	Normal	
Angus	6	Female	240.6	Normal	0.0655	Normal	
Local Zebu	11	Female	127.8	Normal	0.1524	Normal	
Holstein Cross	17	Female	247.4	Underweight	0.0065	Normal	
Angus	13	Female	353.8	Normal	0.1316	Normal	
Local Zebu	8	Male	113.8	Normal	0.0701	Normal	
Holstein Cross	9	Female	212.4	Normal	0.1356	Normal	
Angus	9	Male	286.2	Normal	0.062	Normal	
Local Zebu	14	Male	209.4	Overweight	0.0056	Normal	
Holstein Cross	12	Female	262.2	Normal	0.1401	Normal	
Angus	12	Female	341.3	Normal	0.1371	Normal	
Local Zebu	11	Female	132.2	Normal	0.1517	Normal	
Holstein Cross	8	Male	203.8	Normal	0.0759	Normal	
Angus	15	Male	442.9	Normal	0.0824	Normal	
Local Zebu	9	Female	115.8	Normal	0.1439	Normal	
Holstein Cross	10	Female	251.3	Normal	0.1088	Normal	
Angus	13	Female	487.4	Overweight	-0.0331	Flagged - Possible Pregnancy or Overweight	
Local Zebu	15	Female	175.9	Normal	0.1073	Normal	
Holstein Cross	8	Female	189.7	Normal	0.1211	Normal	
Angus	17	Female	466.5	Normal	0.0703	Normal	
Local Zebu	14	Male	169.1	Normal	0.0973	Normal	
Holstein Cross	9	Female	208.2	Normal	0.1362	Normal	
Angus	18	Male	539.4	Normal	0.0087	Normal	
Local Zebu	13	Female	155.6	Normal	0.1351	Normal	
Holstein Cross	16	Female	344.5	Normal	0.1093	Normal	
Angus	10	Male	405.8	Overweight	-0.0109	Flagged - Unusual, Needs Review	
Local Zebu	13	Male	153.7	Normal	0.0904	Normal	
Holstein Cross	7	Female	171.7	Normal	0.0937	Normal	
Angus	11	Female	355.1	Normal	0.1067	Normal	
Local Zebu	9	Male	118.1	Normal	0.0875	Normal	
Holstein Cross	17	Female	329	Normal	0.0966	Normal	
Angus	17	Male	499.8	Normal	0.0454	Normal	
Local Zebu	14	Male	214.4	Overweight	-0.0061	Flagged - Unusual, Needs Review	
Holstein Cross	9	Male	236.9	Normal	0.0682	Normal	
Angus	8	Male	283.1	Normal	0.0635	Normal	
Local Zebu	9	Male	118.1	Normal	0.0875	Normal	
Holstein Cross	12	Female	241.6	Normal	0.1174	Normal	
Angus	7	Female	237.6	Normal	0.1029	Normal	
Local Zebu	13	Female	152.5	Normal	0.1416	Normal	
Holstein Cross	13	Male	328.2	Normal	0.0634	Normal	
Angus	17	Male	534.9	Normal	0.0175	Normal	
Local Zebu	8	Female	107	Normal	0.1282	Normal	
Holstein Cross	16	Female	357.3	Normal	0.0893	Normal	
Angus	9	Female	280.2	Normal	0.1181	Normal	
Local Zebu	18	Female	195	Normal	0.0627	Normal	
Holstein Cross	11	Male	266.6	Normal	0.0903	Normal	
Angus	16	Female	427.8	Normal	0.1157	Normal	
Local Zebu	16	Female	165.2	Normal	0.1219	Normal	
Holstein Cross	12	Female	261.9	Normal	0.141	Normal	
Angus	13	Female	405.4	Normal	0.0893	Normal	
Local Zebu	6	Female	79.3	Normal	0.0251	Normal	
Holstein Cross	9	Female	269.9	Overweight	0.0282	Normal	
Angus	12	Male	394.7	Normal	0.0727	Normal	
Local Zebu	12	Female	132.2	Normal	0.1419	Normal	
Holstein Cross	10	Male	269.9	Normal	0.0513	Normal	
Angus	7	Male	248.6	Normal	0.055	Normal	
Local Zebu	7	Female	89.9	Normal	0.0743	Normal	